target,target_end_date,horizon,location,output_type,output_type_id,value
ILI incidence,2025-02-16,1,AT,quantile,0.01,2172
ILI incidence,2025-02-16,1,AT,quantile,0.025,2172
ILI incidence,2025-02-16,1,AT,quantile,0.05,2176.6315789473683
ILI incidence,2025-02-16,1,AT,quantile,0.1,2185.8947368421054
ILI incidence,2025-02-16,1,AT,quantile,0.15,2195.157894736842
ILI incidence,2025-02-16,1,AT,quantile,0.2,2204.4210526315787
ILI incidence,2025-02-16,1,AT,quantile,0.25,2213.684210526316
ILI incidence,2025-02-16,1,AT,quantile,0.3,2222.9473684210525
ILI incidence,2025-02-16,1,AT,quantile,0.35,2232.2105263157896
ILI incidence,2025-02-16,1,AT,quantile,0.4,2241.4736842105262
ILI incidence,2025-02-16,1,AT,quantile,0.45,2250.7368421052633
ILI incidence,2025-02-16,1,AT,quantile,0.5,2260
ILI incidence,2025-02-16,1,AT,quantile,0.55,2269.5789473684213
ILI incidence,2025-02-16,1,AT,quantile,0.6,2279.157894736842
ILI incidence,2025-02-16,1,AT,quantile,0.65,2288.7368421052633
ILI incidence,2025-02-16,1,AT,quantile,0.7,2298.315789473684
ILI incidence,2025-02-16,1,AT,quantile,0.75,2307.8947368421054
ILI incidence,2025-02-16,1,AT,quantile,0.8,2317.4736842105262
ILI incidence,2025-02-16,1,AT,quantile,0.85,2327.0526315789475
ILI incidence,2025-02-16,1,AT,quantile,0.9,2336.6315789473683
ILI incidence,2025-02-16,1,AT,quantile,0.95,2346.2105263157896
ILI incidence,2025-02-16,1,AT,quantile,0.975,2351
ILI incidence,2025-02-16,1,AT,quantile,0.99,2351
ILI incidence,2025-02-23,2,AT,quantile,0.01,2061
ILI incidence,2025-02-23,2,AT,quantile,0.025,2061
ILI incidence,2025-02-23,2,AT,quantile,0.05,2065.4210526315787
ILI incidence,2025-02-23,2,AT,quantile,0.1,2074.2631578947367
ILI incidence,2025-02-23,2,AT,quantile,0.15,2083.1052631578946
ILI incidence,2025-02-23,2,AT,quantile,0.2,2091.9473684210525
ILI incidence,2025-02-23,2,AT,quantile,0.25,2100.7894736842104
ILI incidence,2025-02-23,2,AT,quantile,0.3,2109.6315789473683
ILI incidence,2025-02-23,2,AT,quantile,0.35,2118.4736842105262
ILI incidence,2025-02-23,2,AT,quantile,0.4,2127.315789473684
ILI incidence,2025-02-23,2,AT,quantile,0.45,2136.157894736842
ILI incidence,2025-02-23,2,AT,quantile,0.5,2145
ILI incidence,2025-02-23,2,AT,quantile,0.55,2154.157894736842
ILI incidence,2025-02-23,2,AT,quantile,0.6,2163.315789473684
ILI incidence,2025-02-23,2,AT,quantile,0.65,2172.4736842105262
ILI incidence,2025-02-23,2,AT,quantile,0.7,2181.6315789473683
ILI incidence,2025-02-23,2,AT,quantile,0.75,2190.7894736842104
ILI incidence,2025-02-23,2,AT,quantile,0.8,2199.9473684210525
ILI incidence,2025-02-23,2,AT,quantile,0.85,2209.1052631578946
ILI incidence,2025-02-23,2,AT,quantile,0.9,2218.2631578947367
ILI incidence,2025-02-23,2,AT,quantile,0.95,2227.4210526315787
ILI incidence,2025-02-23,2,AT,quantile,0.975,2232
ILI incidence,2025-02-23,2,AT,quantile,0.99,2232
ILI incidence,2025-03-02,3,AT,quantile,0.01,1952
ILI incidence,2025-03-02,3,AT,quantile,0.025,1952
ILI incidence,2025-03-02,3,AT,quantile,0.05,1956.2105263157894
ILI incidence,2025-03-02,3,AT,quantile,0.1,1964.6315789473683
ILI incidence,2025-03-02,3,AT,quantile,0.15,1973.0526315789473
ILI incidence,2025-03-02,3,AT,quantile,0.2,1981.4736842105262
ILI incidence,2025-03-02,3,AT,quantile,0.25,1989.8947368421052
ILI incidence,2025-03-02,3,AT,quantile,0.3,1998.3157894736842
ILI incidence,2025-03-02,3,AT,quantile,0.35,2006.7368421052631
ILI incidence,2025-03-02,3,AT,quantile,0.4,2015.157894736842
ILI incidence,2025-03-02,3,AT,quantile,0.45,2023.578947368421
ILI incidence,2025-03-02,3,AT,quantile,0.5,2032
ILI incidence,2025-03-02,3,AT,quantile,0.55,2040.7368421052631
ILI incidence,2025-03-02,3,AT,quantile,0.6,2049.4736842105262
ILI incidence,2025-03-02,3,AT,quantile,0.65,2058.2105263157896
ILI incidence,2025-03-02,3,AT,quantile,0.7,2066.9473684210525
ILI incidence,2025-03-02,3,AT,quantile,0.75,2075.684210526316
ILI incidence,2025-03-02,3,AT,quantile,0.8,2084.421052631579
ILI incidence,2025-03-02,3,AT,quantile,0.85,2093.157894736842
ILI incidence,2025-03-02,3,AT,quantile,0.9,2101.8947368421054
ILI incidence,2025-03-02,3,AT,quantile,0.95,2110.6315789473683
ILI incidence,2025-03-02,3,AT,quantile,0.975,2115
ILI incidence,2025-03-02,3,AT,quantile,0.99,2115
ILI incidence,2025-03-09,4,AT,quantile,0.01,1873
ILI incidence,2025-03-09,4,AT,quantile,0.025,1873
ILI incidence,2025-03-09,4,AT,quantile,0.05,1877.2631578947369
ILI incidence,2025-03-09,4,AT,quantile,0.1,1885.7894736842106
ILI incidence,2025-03-09,4,AT,quantile,0.15,1894.3157894736842
ILI incidence,2025-03-09,4,AT,quantile,0.2,1902.842105263158
ILI incidence,2025-03-09,4,AT,quantile,0.25,1911.3684210526317
ILI incidence,2025-03-09,4,AT,quantile,0.3,1919.8947368421052
ILI incidence,2025-03-09,4,AT,quantile,0.35,1928.421052631579
ILI incidence,2025-03-09,4,AT,quantile,0.4,1936.9473684210527
ILI incidence,2025-03-09,4,AT,quantile,0.45,1945.4736842105262
ILI incidence,2025-03-09,4,AT,quantile,0.5,1954
ILI incidence,2025-03-09,4,AT,quantile,0.55,1962.842105263158
ILI incidence,2025-03-09,4,AT,quantile,0.6,1971.6842105263158
ILI incidence,2025-03-09,4,AT,quantile,0.65,1980.5263157894738
ILI incidence,2025-03-09,4,AT,quantile,0.7,1989.3684210526317
ILI incidence,2025-03-09,4,AT,quantile,0.75,1998.2105263157896
ILI incidence,2025-03-09,4,AT,quantile,0.8,2007.0526315789473
ILI incidence,2025-03-09,4,AT,quantile,0.85,2015.8947368421052
ILI incidence,2025-03-09,4,AT,quantile,0.9,2024.7368421052631
ILI incidence,2025-03-09,4,AT,quantile,0.95,2033.578947368421
ILI incidence,2025-03-09,4,AT,quantile,0.975,2038
ILI incidence,2025-03-09,4,AT,quantile,0.99,2038
ILI incidence,2025-02-16,1,BE,quantile,0.01,696
ILI incidence,2025-02-16,1,BE,quantile,0.025,696
ILI incidence,2025-02-16,1,BE,quantile,0.05,698.3157894736842
ILI incidence,2025-02-16,1,BE,quantile,0.1,702.9473684210526
ILI incidence,2025-02-16,1,BE,quantile,0.15,707.578947368421
ILI incidence,2025-02-16,1,BE,quantile,0.2,712.2105263157895
ILI incidence,2025-02-16,1,BE,quantile,0.25,716.8421052631579
ILI incidence,2025-02-16,1,BE,quantile,0.3,721.4736842105264
ILI incidence,2025-02-16,1,BE,quantile,0.35,726.1052631578948
ILI incidence,2025-02-16,1,BE,quantile,0.4,730.7368421052631
ILI incidence,2025-02-16,1,BE,quantile,0.45,735.3684210526316
ILI incidence,2025-02-16,1,BE,quantile,0.5,740
ILI incidence,2025-02-16,1,BE,quantile,0.55,744.9473684210526
ILI incidence,2025-02-16,1,BE,quantile,0.6,749.8947368421053
ILI incidence,2025-02-16,1,BE,quantile,0.65,754.8421052631579
ILI incidence,2025-02-16,1,BE,quantile,0.7,759.7894736842105
ILI incidence,2025-02-16,1,BE,quantile,0.75,764.7368421052631
ILI incidence,2025-02-16,1,BE,quantile,0.8,769.6842105263158
ILI incidence,2025-02-16,1,BE,quantile,0.85,774.6315789473684
ILI incidence,2025-02-16,1,BE,quantile,0.9,779.578947368421
ILI incidence,2025-02-16,1,BE,quantile,0.95,784.5263157894736
ILI incidence,2025-02-16,1,BE,quantile,0.975,787
ILI incidence,2025-02-16,1,BE,quantile,0.99,787
ILI incidence,2025-02-23,2,BE,quantile,0.01,576
ILI incidence,2025-02-23,2,BE,quantile,0.025,576
ILI incidence,2025-02-23,2,BE,quantile,0.05,577.9473684210526
ILI incidence,2025-02-23,2,BE,quantile,0.1,581.8421052631579
ILI incidence,2025-02-23,2,BE,quantile,0.15,585.7368421052631
ILI incidence,2025-02-23,2,BE,quantile,0.2,589.6315789473684
ILI incidence,2025-02-23,2,BE,quantile,0.25,593.5263157894736
ILI incidence,2025-02-23,2,BE,quantile,0.3,597.421052631579
ILI incidence,2025-02-23,2,BE,quantile,0.35,601.3157894736842
ILI incidence,2025-02-23,2,BE,quantile,0.4,605.2105263157895
ILI incidence,2025-02-23,2,BE,quantile,0.45,609.1052631578947
ILI incidence,2025-02-23,2,BE,quantile,0.5,613
ILI incidence,2025-02-23,2,BE,quantile,0.55,617.1052631578948
ILI incidence,2025-02-23,2,BE,quantile,0.6,621.2105263157895
ILI incidence,2025-02-23,2,BE,quantile,0.65,625.3157894736843
ILI incidence,2025-02-23,2,BE,quantile,0.7,629.421052631579
ILI incidence,2025-02-23,2,BE,quantile,0.75,633.5263157894736
ILI incidence,2025-02-23,2,BE,quantile,0.8,637.6315789473684
ILI incidence,2025-02-23,2,BE,quantile,0.85,641.7368421052631
ILI incidence,2025-02-23,2,BE,quantile,0.9,645.8421052631579
ILI incidence,2025-02-23,2,BE,quantile,0.95,649.9473684210526
ILI incidence,2025-02-23,2,BE,quantile,0.975,652
ILI incidence,2025-02-23,2,BE,quantile,0.99,652
ILI incidence,2025-03-02,3,BE,quantile,0.01,447
ILI incidence,2025-03-02,3,BE,quantile,0.025,447
ILI incidence,2025-03-02,3,BE,quantile,0.05,448.5263157894737
ILI incidence,2025-03-02,3,BE,quantile,0.1,451.57894736842104
ILI incidence,2025-03-02,3,BE,quantile,0.15,454.63157894736844
ILI incidence,2025-03-02,3,BE,quantile,0.2,457.6842105263158
ILI incidence,2025-03-02,3,BE,quantile,0.25,460.7368421052632
ILI incidence,2025-03-02,3,BE,quantile,0.3,463.7894736842105
ILI incidence,2025-03-02,3,BE,quantile,0.35,466.8421052631579
ILI incidence,2025-03-02,3,BE,quantile,0.4,469.89473684210526
ILI incidence,2025-03-02,3,BE,quantile,0.45,472.9473684210526
ILI incidence,2025-03-02,3,BE,quantile,0.5,476
ILI incidence,2025-03-02,3,BE,quantile,0.55,479.1578947368421
ILI incidence,2025-03-02,3,BE,quantile,0.6,482.3157894736842
ILI incidence,2025-03-02,3,BE,quantile,0.65,485.4736842105263
ILI incidence,2025-03-02,3,BE,quantile,0.7,488.63157894736844
ILI incidence,2025-03-02,3,BE,quantile,0.75,491.7894736842105
ILI incidence,2025-03-02,3,BE,quantile,0.8,494.94736842105266
ILI incidence,2025-03-02,3,BE,quantile,0.85,498.10526315789474
ILI incidence,2025-03-02,3,BE,quantile,0.9,501.2631578947369
ILI incidence,2025-03-02,3,BE,quantile,0.95,504.42105263157896
ILI incidence,2025-03-02,3,BE,quantile,0.975,506
ILI incidence,2025-03-02,3,BE,quantile,0.99,506
ILI incidence,2025-03-09,4,BE,quantile,0.01,376
ILI incidence,2025-03-09,4,BE,quantile,0.025,376
ILI incidence,2025-03-09,4,BE,quantile,0.05,377.36842105263156
ILI incidence,2025-03-09,4,BE,quantile,0.1,380.10526315789474
ILI incidence,2025-03-09,4,BE,quantile,0.15,382.8421052631579
ILI incidence,2025-03-09,4,BE,quantile,0.2,385.57894736842104
ILI incidence,2025-03-09,4,BE,quantile,0.25,388.3157894736842
ILI incidence,2025-03-09,4,BE,quantile,0.3,391.05263157894734
ILI incidence,2025-03-09,4,BE,quantile,0.35,393.7894736842105
ILI incidence,2025-03-09,4,BE,quantile,0.4,396.5263157894737
ILI incidence,2025-03-09,4,BE,quantile,0.45,399.2631578947368
ILI incidence,2025-03-09,4,BE,quantile,0.5,402
ILI incidence,2025-03-09,4,BE,quantile,0.55,404.8421052631579
ILI incidence,2025-03-09,4,BE,quantile,0.6,407.6842105263158
ILI incidence,2025-03-09,4,BE,quantile,0.65,410.5263157894737
ILI incidence,2025-03-09,4,BE,quantile,0.7,413.36842105263156
ILI incidence,2025-03-09,4,BE,quantile,0.75,416.2105263157895
ILI incidence,2025-03-09,4,BE,quantile,0.8,419.0526315789474
ILI incidence,2025-03-09,4,BE,quantile,0.85,421.89473684210526
ILI incidence,2025-03-09,4,BE,quantile,0.9,424.7368421052632
ILI incidence,2025-03-09,4,BE,quantile,0.95,427.57894736842104
ILI incidence,2025-03-09,4,BE,quantile,0.975,429
ILI incidence,2025-03-09,4,BE,quantile,0.99,429
ILI incidence,2025-02-16,1,CZ,quantile,0.01,145
ILI incidence,2025-02-16,1,CZ,quantile,0.025,145
ILI incidence,2025-02-16,1,CZ,quantile,0.05,145.42105263157896
ILI incidence,2025-02-16,1,CZ,quantile,0.1,146.26315789473685
ILI incidence,2025-02-16,1,CZ,quantile,0.15,147.10526315789474
ILI incidence,2025-02-16,1,CZ,quantile,0.2,147.94736842105263
ILI incidence,2025-02-16,1,CZ,quantile,0.25,148.78947368421052
ILI incidence,2025-02-16,1,CZ,quantile,0.3,149.6315789473684
ILI incidence,2025-02-16,1,CZ,quantile,0.35,150.47368421052633
ILI incidence,2025-02-16,1,CZ,quantile,0.4,151.31578947368422
ILI incidence,2025-02-16,1,CZ,quantile,0.45,152.1578947368421
ILI incidence,2025-02-16,1,CZ,quantile,0.5,153
ILI incidence,2025-02-16,1,CZ,quantile,0.55,153.94736842105263
ILI incidence,2025-02-16,1,CZ,quantile,0.6,154.89473684210526
ILI incidence,2025-02-16,1,CZ,quantile,0.65,155.8421052631579
ILI incidence,2025-02-16,1,CZ,quantile,0.7,156.78947368421052
ILI incidence,2025-02-16,1,CZ,quantile,0.75,157.73684210526315
ILI incidence,2025-02-16,1,CZ,quantile,0.8,158.68421052631578
ILI incidence,2025-02-16,1,CZ,quantile,0.85,159.6315789473684
ILI incidence,2025-02-16,1,CZ,quantile,0.9,160.57894736842107
ILI incidence,2025-02-16,1,CZ,quantile,0.95,161.5263157894737
ILI incidence,2025-02-16,1,CZ,quantile,0.975,162
ILI incidence,2025-02-16,1,CZ,quantile,0.99,162
ILI incidence,2025-02-23,2,CZ,quantile,0.01,120
ILI incidence,2025-02-23,2,CZ,quantile,0.025,120
ILI incidence,2025-02-23,2,CZ,quantile,0.05,120.3157894736842
ILI incidence,2025-02-23,2,CZ,quantile,0.1,120.94736842105263
ILI incidence,2025-02-23,2,CZ,quantile,0.15,121.57894736842105
ILI incidence,2025-02-23,2,CZ,quantile,0.2,122.21052631578948
ILI incidence,2025-02-23,2,CZ,quantile,0.25,122.84210526315789
ILI incidence,2025-02-23,2,CZ,quantile,0.3,123.47368421052632
ILI incidence,2025-02-23,2,CZ,quantile,0.35,124.10526315789474
ILI incidence,2025-02-23,2,CZ,quantile,0.4,124.73684210526315
ILI incidence,2025-02-23,2,CZ,quantile,0.45,125.36842105263158
ILI incidence,2025-02-23,2,CZ,quantile,0.5,126
ILI incidence,2025-02-23,2,CZ,quantile,0.55,126.84210526315789
ILI incidence,2025-02-23,2,CZ,quantile,0.6,127.6842105263158
ILI incidence,2025-02-23,2,CZ,quantile,0.65,128.5263157894737
ILI incidence,2025-02-23,2,CZ,quantile,0.7,129.3684210526316
ILI incidence,2025-02-23,2,CZ,quantile,0.75,130.21052631578948
ILI incidence,2025-02-23,2,CZ,quantile,0.8,131.05263157894737
ILI incidence,2025-02-23,2,CZ,quantile,0.85,131.89473684210526
ILI incidence,2025-02-23,2,CZ,quantile,0.9,132.73684210526315
ILI incidence,2025-02-23,2,CZ,quantile,0.95,133.57894736842104
ILI incidence,2025-02-23,2,CZ,quantile,0.975,134
ILI incidence,2025-02-23,2,CZ,quantile,0.99,134
ILI incidence,2025-03-02,3,CZ,quantile,0.01,94
ILI incidence,2025-03-02,3,CZ,quantile,0.025,94
ILI incidence,2025-03-02,3,CZ,quantile,0.05,94.26315789473684
ILI incidence,2025-03-02,3,CZ,quantile,0.1,94.78947368421052
ILI incidence,2025-03-02,3,CZ,quantile,0.15,95.3157894736842
ILI incidence,2025-03-02,3,CZ,quantile,0.2,95.84210526315789
ILI incidence,2025-03-02,3,CZ,quantile,0.25,96.36842105263158
ILI incidence,2025-03-02,3,CZ,quantile,0.3,96.89473684210526
ILI incidence,2025-03-02,3,CZ,quantile,0.35,97.42105263157895
ILI incidence,2025-03-02,3,CZ,quantile,0.4,97.94736842105263
ILI incidence,2025-03-02,3,CZ,quantile,0.45,98.47368421052632
ILI incidence,2025-03-02,3,CZ,quantile,0.5,99
ILI incidence,2025-03-02,3,CZ,quantile,0.55,99.63157894736842
ILI incidence,2025-03-02,3,CZ,quantile,0.6,100.26315789473685
ILI incidence,2025-03-02,3,CZ,quantile,0.65,100.89473684210526
ILI incidence,2025-03-02,3,CZ,quantile,0.7,101.52631578947368
ILI incidence,2025-03-02,3,CZ,quantile,0.75,102.15789473684211
ILI incidence,2025-03-02,3,CZ,quantile,0.8,102.78947368421052
ILI incidence,2025-03-02,3,CZ,quantile,0.85,103.42105263157895
ILI incidence,2025-03-02,3,CZ,quantile,0.9,104.05263157894737
ILI incidence,2025-03-02,3,CZ,quantile,0.95,104.6842105263158
ILI incidence,2025-03-02,3,CZ,quantile,0.975,105
ILI incidence,2025-03-02,3,CZ,quantile,0.99,105
ILI incidence,2025-03-09,4,CZ,quantile,0.01,80
ILI incidence,2025-03-09,4,CZ,quantile,0.025,80
ILI incidence,2025-03-09,4,CZ,quantile,0.05,80.3157894736842
ILI incidence,2025-03-09,4,CZ,quantile,0.1,80.94736842105263
ILI incidence,2025-03-09,4,CZ,quantile,0.15,81.57894736842105
ILI incidence,2025-03-09,4,CZ,quantile,0.2,82.21052631578948
ILI incidence,2025-03-09,4,CZ,quantile,0.25,82.84210526315789
ILI incidence,2025-03-09,4,CZ,quantile,0.3,83.47368421052632
ILI incidence,2025-03-09,4,CZ,quantile,0.35,84.10526315789474
ILI incidence,2025-03-09,4,CZ,quantile,0.4,84.73684210526315
ILI incidence,2025-03-09,4,CZ,quantile,0.45,85.36842105263158
ILI incidence,2025-03-09,4,CZ,quantile,0.5,86
ILI incidence,2025-03-09,4,CZ,quantile,0.55,86.52631578947368
ILI incidence,2025-03-09,4,CZ,quantile,0.6,87.05263157894737
ILI incidence,2025-03-09,4,CZ,quantile,0.65,87.57894736842105
ILI incidence,2025-03-09,4,CZ,quantile,0.7,88.10526315789474
ILI incidence,2025-03-09,4,CZ,quantile,0.75,88.63157894736842
ILI incidence,2025-03-09,4,CZ,quantile,0.8,89.15789473684211
ILI incidence,2025-03-09,4,CZ,quantile,0.85,89.6842105263158
ILI incidence,2025-03-09,4,CZ,quantile,0.9,90.21052631578948
ILI incidence,2025-03-09,4,CZ,quantile,0.95,90.73684210526315
ILI incidence,2025-03-09,4,CZ,quantile,0.975,91
ILI incidence,2025-03-09,4,CZ,quantile,0.99,91
ILI incidence,2025-02-16,1,DK,quantile,0.01,200
ILI incidence,2025-02-16,1,DK,quantile,0.025,200
ILI incidence,2025-02-16,1,DK,quantile,0.05,200.6315789473684
ILI incidence,2025-02-16,1,DK,quantile,0.1,201.89473684210526
ILI incidence,2025-02-16,1,DK,quantile,0.15,203.1578947368421
ILI incidence,2025-02-16,1,DK,quantile,0.2,204.42105263157896
ILI incidence,2025-02-16,1,DK,quantile,0.25,205.68421052631578
ILI incidence,2025-02-16,1,DK,quantile,0.3,206.94736842105263
ILI incidence,2025-02-16,1,DK,quantile,0.35,208.21052631578948
ILI incidence,2025-02-16,1,DK,quantile,0.4,209.4736842105263
ILI incidence,2025-02-16,1,DK,quantile,0.45,210.73684210526315
ILI incidence,2025-02-16,1,DK,quantile,0.5,212
ILI incidence,2025-02-16,1,DK,quantile,0.55,213.47368421052633
ILI incidence,2025-02-16,1,DK,quantile,0.6,214.94736842105263
ILI incidence,2025-02-16,1,DK,quantile,0.65,216.42105263157896
ILI incidence,2025-02-16,1,DK,quantile,0.7,217.89473684210526
ILI incidence,2025-02-16,1,DK,quantile,0.75,219.3684210526316
ILI incidence,2025-02-16,1,DK,quantile,0.8,220.8421052631579
ILI incidence,2025-02-16,1,DK,quantile,0.85,222.31578947368422
ILI incidence,2025-02-16,1,DK,quantile,0.9,223.78947368421052
ILI incidence,2025-02-16,1,DK,quantile,0.95,225.26315789473685
ILI incidence,2025-02-16,1,DK,quantile,0.975,226
ILI incidence,2025-02-16,1,DK,quantile,0.99,226
ILI incidence,2025-02-23,2,DK,quantile,0.01,187
ILI incidence,2025-02-23,2,DK,quantile,0.025,187
ILI incidence,2025-02-23,2,DK,quantile,0.05,187.6315789473684
ILI incidence,2025-02-23,2,DK,quantile,0.1,188.89473684210526
ILI incidence,2025-02-23,2,DK,quantile,0.15,190.1578947368421
ILI incidence,2025-02-23,2,DK,quantile,0.2,191.42105263157896
ILI incidence,2025-02-23,2,DK,quantile,0.25,192.68421052631578
ILI incidence,2025-02-23,2,DK,quantile,0.3,193.94736842105263
ILI incidence,2025-02-23,2,DK,quantile,0.35,195.21052631578948
ILI incidence,2025-02-23,2,DK,quantile,0.4,196.4736842105263
ILI incidence,2025-02-23,2,DK,quantile,0.45,197.73684210526315
ILI incidence,2025-02-23,2,DK,quantile,0.5,199
ILI incidence,2025-02-23,2,DK,quantile,0.55,200.26315789473685
ILI incidence,2025-02-23,2,DK,quantile,0.6,201.5263157894737
ILI incidence,2025-02-23,2,DK,quantile,0.65,202.78947368421052
ILI incidence,2025-02-23,2,DK,quantile,0.7,204.05263157894737
ILI incidence,2025-02-23,2,DK,quantile,0.75,205.31578947368422
ILI incidence,2025-02-23,2,DK,quantile,0.8,206.57894736842104
ILI incidence,2025-02-23,2,DK,quantile,0.85,207.8421052631579
ILI incidence,2025-02-23,2,DK,quantile,0.9,209.10526315789474
ILI incidence,2025-02-23,2,DK,quantile,0.95,210.3684210526316
ILI incidence,2025-02-23,2,DK,quantile,0.975,211
ILI incidence,2025-02-23,2,DK,quantile,0.99,211
ILI incidence,2025-03-02,3,DK,quantile,0.01,168
ILI incidence,2025-03-02,3,DK,quantile,0.025,168
ILI incidence,2025-03-02,3,DK,quantile,0.05,168.57894736842104
ILI incidence,2025-03-02,3,DK,quantile,0.1,169.73684210526315
ILI incidence,2025-03-02,3,DK,quantile,0.15,170.89473684210526
ILI incidence,2025-03-02,3,DK,quantile,0.2,172.05263157894737
ILI incidence,2025-03-02,3,DK,quantile,0.25,173.21052631578948
ILI incidence,2025-03-02,3,DK,quantile,0.3,174.3684210526316
ILI incidence,2025-03-02,3,DK,quantile,0.35,175.5263157894737
ILI incidence,2025-03-02,3,DK,quantile,0.4,176.68421052631578
ILI incidence,2025-03-02,3,DK,quantile,0.45,177.8421052631579
ILI incidence,2025-03-02,3,DK,quantile,0.5,179
ILI incidence,2025-03-02,3,DK,quantile,0.55,180.1578947368421
ILI incidence,2025-03-02,3,DK,quantile,0.6,181.31578947368422
ILI incidence,2025-03-02,3,DK,quantile,0.65,182.47368421052633
ILI incidence,2025-03-02,3,DK,quantile,0.7,183.6315789473684
ILI incidence,2025-03-02,3,DK,quantile,0.75,184.78947368421052
ILI incidence,2025-03-02,3,DK,quantile,0.8,185.94736842105263
ILI incidence,2025-03-02,3,DK,quantile,0.85,187.10526315789474
ILI incidence,2025-03-02,3,DK,quantile,0.9,188.26315789473685
ILI incidence,2025-03-02,3,DK,quantile,0.95,189.42105263157896
ILI incidence,2025-03-02,3,DK,quantile,0.975,190
ILI incidence,2025-03-02,3,DK,quantile,0.99,190
ILI incidence,2025-03-09,4,DK,quantile,0.01,153
ILI incidence,2025-03-09,4,DK,quantile,0.025,153
ILI incidence,2025-03-09,4,DK,quantile,0.05,153.52631578947367
ILI incidence,2025-03-09,4,DK,quantile,0.1,154.57894736842104
ILI incidence,2025-03-09,4,DK,quantile,0.15,155.6315789473684
ILI incidence,2025-03-09,4,DK,quantile,0.2,156.68421052631578
ILI incidence,2025-03-09,4,DK,quantile,0.25,157.73684210526315
ILI incidence,2025-03-09,4,DK,quantile,0.3,158.78947368421052
ILI incidence,2025-03-09,4,DK,quantile,0.35,159.8421052631579
ILI incidence,2025-03-09,4,DK,quantile,0.4,160.89473684210526
ILI incidence,2025-03-09,4,DK,quantile,0.45,161.94736842105263
ILI incidence,2025-03-09,4,DK,quantile,0.5,163
ILI incidence,2025-03-09,4,DK,quantile,0.55,164.1578947368421
ILI incidence,2025-03-09,4,DK,quantile,0.6,165.31578947368422
ILI incidence,2025-03-09,4,DK,quantile,0.65,166.47368421052633
ILI incidence,2025-03-09,4,DK,quantile,0.7,167.6315789473684
ILI incidence,2025-03-09,4,DK,quantile,0.75,168.78947368421052
ILI incidence,2025-03-09,4,DK,quantile,0.8,169.94736842105263
ILI incidence,2025-03-09,4,DK,quantile,0.85,171.10526315789474
ILI incidence,2025-03-09,4,DK,quantile,0.9,172.26315789473685
ILI incidence,2025-03-09,4,DK,quantile,0.95,173.42105263157896
ILI incidence,2025-03-09,4,DK,quantile,0.975,174
ILI incidence,2025-03-09,4,DK,quantile,0.99,174
ILI incidence,2025-02-16,1,EE,quantile,0.01,315
ILI incidence,2025-02-16,1,EE,quantile,0.025,315
ILI incidence,2025-02-16,1,EE,quantile,0.05,315.89473684210526
ILI incidence,2025-02-16,1,EE,quantile,0.1,317.6842105263158
ILI incidence,2025-02-16,1,EE,quantile,0.15,319.4736842105263
ILI incidence,2025-02-16,1,EE,quantile,0.2,321.2631578947368
ILI incidence,2025-02-16,1,EE,quantile,0.25,323.05263157894734
ILI incidence,2025-02-16,1,EE,quantile,0.3,324.8421052631579
ILI incidence,2025-02-16,1,EE,quantile,0.35,326.63157894736844
ILI incidence,2025-02-16,1,EE,quantile,0.4,328.42105263157896
ILI incidence,2025-02-16,1,EE,quantile,0.45,330.2105263157895
ILI incidence,2025-02-16,1,EE,quantile,0.5,332
ILI incidence,2025-02-16,1,EE,quantile,0.55,333.89473684210526
ILI incidence,2025-02-16,1,EE,quantile,0.6,335.7894736842105
ILI incidence,2025-02-16,1,EE,quantile,0.65,337.6842105263158
ILI incidence,2025-02-16,1,EE,quantile,0.7,339.57894736842104
ILI incidence,2025-02-16,1,EE,quantile,0.75,341.4736842105263
ILI incidence,2025-02-16,1,EE,quantile,0.8,343.36842105263156
ILI incidence,2025-02-16,1,EE,quantile,0.85,345.2631578947368
ILI incidence,2025-02-16,1,EE,quantile,0.9,347.15789473684214
ILI incidence,2025-02-16,1,EE,quantile,0.95,349.0526315789474
ILI incidence,2025-02-16,1,EE,quantile,0.975,350
ILI incidence,2025-02-16,1,EE,quantile,0.99,350
ILI incidence,2025-02-23,2,EE,quantile,0.01,282
ILI incidence,2025-02-23,2,EE,quantile,0.025,282
ILI incidence,2025-02-23,2,EE,quantile,0.05,282.7894736842105
ILI incidence,2025-02-23,2,EE,quantile,0.1,284.36842105263156
ILI incidence,2025-02-23,2,EE,quantile,0.15,285.94736842105266
ILI incidence,2025-02-23,2,EE,quantile,0.2,287.5263157894737
ILI incidence,2025-02-23,2,EE,quantile,0.25,289.10526315789474
ILI incidence,2025-02-23,2,EE,quantile,0.3,290.6842105263158
ILI incidence,2025-02-23,2,EE,quantile,0.35,292.2631578947368
ILI incidence,2025-02-23,2,EE,quantile,0.4,293.8421052631579
ILI incidence,2025-02-23,2,EE,quantile,0.45,295.42105263157896
ILI incidence,2025-02-23,2,EE,quantile,0.5,297
ILI incidence,2025-02-23,2,EE,quantile,0.55,298.6842105263158
ILI incidence,2025-02-23,2,EE,quantile,0.6,300.36842105263156
ILI incidence,2025-02-23,2,EE,quantile,0.65,302.0526315789474
ILI incidence,2025-02-23,2,EE,quantile,0.7,303.7368421052632
ILI incidence,2025-02-23,2,EE,quantile,0.75,305.42105263157896
ILI incidence,2025-02-23,2,EE,quantile,0.8,307.10526315789474
ILI incidence,2025-02-23,2,EE,quantile,0.85,308.7894736842105
ILI incidence,2025-02-23,2,EE,quantile,0.9,310.4736842105263
ILI incidence,2025-02-23,2,EE,quantile,0.95,312.1578947368421
ILI incidence,2025-02-23,2,EE,quantile,0.975,313
ILI incidence,2025-02-23,2,EE,quantile,0.99,313
ILI incidence,2025-03-02,3,EE,quantile,0.01,255
ILI incidence,2025-03-02,3,EE,quantile,0.025,255
ILI incidence,2025-03-02,3,EE,quantile,0.05,255.68421052631578
ILI incidence,2025-03-02,3,EE,quantile,0.1,257.05263157894734
ILI incidence,2025-03-02,3,EE,quantile,0.15,258.42105263157896
ILI incidence,2025-03-02,3,EE,quantile,0.2,259.7894736842105
ILI incidence,2025-03-02,3,EE,quantile,0.25,261.1578947368421
ILI incidence,2025-03-02,3,EE,quantile,0.3,262.5263157894737
ILI incidence,2025-03-02,3,EE,quantile,0.35,263.89473684210526
ILI incidence,2025-03-02,3,EE,quantile,0.4,265.2631578947368
ILI incidence,2025-03-02,3,EE,quantile,0.45,266.63157894736844
ILI incidence,2025-03-02,3,EE,quantile,0.5,268
ILI incidence,2025-03-02,3,EE,quantile,0.55,269.57894736842104
ILI incidence,2025-03-02,3,EE,quantile,0.6,271.1578947368421
ILI incidence,2025-03-02,3,EE,quantile,0.65,272.7368421052632
ILI incidence,2025-03-02,3,EE,quantile,0.7,274.3157894736842
ILI incidence,2025-03-02,3,EE,quantile,0.75,275.89473684210526
ILI incidence,2025-03-02,3,EE,quantile,0.8,277.4736842105263
ILI incidence,2025-03-02,3,EE,quantile,0.85,279.0526315789474
ILI incidence,2025-03-02,3,EE,quantile,0.9,280.63157894736844
ILI incidence,2025-03-02,3,EE,quantile,0.95,282.2105263157895
ILI incidence,2025-03-02,3,EE,quantile,0.975,283
ILI incidence,2025-03-02,3,EE,quantile,0.99,283
ILI incidence,2025-03-09,4,EE,quantile,0.01,238
ILI incidence,2025-03-09,4,EE,quantile,0.025,238
ILI incidence,2025-03-09,4,EE,quantile,0.05,238.68421052631578
ILI incidence,2025-03-09,4,EE,quantile,0.1,240.05263157894737
ILI incidence,2025-03-09,4,EE,quantile,0.15,241.42105263157896
ILI incidence,2025-03-09,4,EE,quantile,0.2,242.78947368421052
ILI incidence,2025-03-09,4,EE,quantile,0.25,244.1578947368421
ILI incidence,2025-03-09,4,EE,quantile,0.3,245.52631578947367
ILI incidence,2025-03-09,4,EE,quantile,0.35,246.89473684210526
ILI incidence,2025-03-09,4,EE,quantile,0.4,248.26315789473685
ILI incidence,2025-03-09,4,EE,quantile,0.45,249.6315789473684
ILI incidence,2025-03-09,4,EE,quantile,0.5,251
ILI incidence,2025-03-09,4,EE,quantile,0.55,252.57894736842104
ILI incidence,2025-03-09,4,EE,quantile,0.6,254.1578947368421
ILI incidence,2025-03-09,4,EE,quantile,0.65,255.73684210526315
ILI incidence,2025-03-09,4,EE,quantile,0.7,257.3157894736842
ILI incidence,2025-03-09,4,EE,quantile,0.75,258.89473684210526
ILI incidence,2025-03-09,4,EE,quantile,0.8,260.4736842105263
ILI incidence,2025-03-09,4,EE,quantile,0.85,262.0526315789474
ILI incidence,2025-03-09,4,EE,quantile,0.9,263.63157894736844
ILI incidence,2025-03-09,4,EE,quantile,0.95,265.2105263157895
ILI incidence,2025-03-09,4,EE,quantile,0.975,266
ILI incidence,2025-03-09,4,EE,quantile,0.99,266
ILI incidence,2025-02-16,1,FI,quantile,0.01,35
ILI incidence,2025-02-16,1,FI,quantile,0.025,35
ILI incidence,2025-02-16,1,FI,quantile,0.05,35.21052631578947
ILI incidence,2025-02-16,1,FI,quantile,0.1,35.63157894736842
ILI incidence,2025-02-16,1,FI,quantile,0.15,36.05263157894737
ILI incidence,2025-02-16,1,FI,quantile,0.2,36.473684210526315
ILI incidence,2025-02-16,1,FI,quantile,0.25,36.89473684210526
ILI incidence,2025-02-16,1,FI,quantile,0.3,37.31578947368421
ILI incidence,2025-02-16,1,FI,quantile,0.35,37.73684210526316
ILI incidence,2025-02-16,1,FI,quantile,0.4,38.1578947368421
ILI incidence,2025-02-16,1,FI,quantile,0.45,38.578947368421055
ILI incidence,2025-02-16,1,FI,quantile,0.5,39
ILI incidence,2025-02-16,1,FI,quantile,0.55,39.421052631578945
ILI incidence,2025-02-16,1,FI,quantile,0.6,39.8421052631579
ILI incidence,2025-02-16,1,FI,quantile,0.65,40.26315789473684
ILI incidence,2025-02-16,1,FI,quantile,0.7,40.68421052631579
ILI incidence,2025-02-16,1,FI,quantile,0.75,41.10526315789474
ILI incidence,2025-02-16,1,FI,quantile,0.8,41.526315789473685
ILI incidence,2025-02-16,1,FI,quantile,0.85,41.94736842105263
ILI incidence,2025-02-16,1,FI,quantile,0.9,42.36842105263158
ILI incidence,2025-02-16,1,FI,quantile,0.95,42.78947368421053
ILI incidence,2025-02-16,1,FI,quantile,0.975,43
ILI incidence,2025-02-16,1,FI,quantile,0.99,43
ILI incidence,2025-02-23,2,FI,quantile,0.01,28
ILI incidence,2025-02-23,2,FI,quantile,0.025,28
ILI incidence,2025-02-23,2,FI,quantile,0.05,28.157894736842106
ILI incidence,2025-02-23,2,FI,quantile,0.1,28.473684210526315
ILI incidence,2025-02-23,2,FI,quantile,0.15,28.789473684210527
ILI incidence,2025-02-23,2,FI,quantile,0.2,29.105263157894736
ILI incidence,2025-02-23,2,FI,quantile,0.25,29.42105263157895
ILI incidence,2025-02-23,2,FI,quantile,0.3,29.736842105263158
ILI incidence,2025-02-23,2,FI,quantile,0.35,30.05263157894737
ILI incidence,2025-02-23,2,FI,quantile,0.4,30.36842105263158
ILI incidence,2025-02-23,2,FI,quantile,0.45,30.684210526315788
ILI incidence,2025-02-23,2,FI,quantile,0.5,31
ILI incidence,2025-02-23,2,FI,quantile,0.55,31.315789473684212
ILI incidence,2025-02-23,2,FI,quantile,0.6,31.63157894736842
ILI incidence,2025-02-23,2,FI,quantile,0.65,31.947368421052634
ILI incidence,2025-02-23,2,FI,quantile,0.7,32.26315789473684
ILI incidence,2025-02-23,2,FI,quantile,0.75,32.578947368421055
ILI incidence,2025-02-23,2,FI,quantile,0.8,32.89473684210526
ILI incidence,2025-02-23,2,FI,quantile,0.85,33.21052631578947
ILI incidence,2025-02-23,2,FI,quantile,0.9,33.526315789473685
ILI incidence,2025-02-23,2,FI,quantile,0.95,33.8421052631579
ILI incidence,2025-02-23,2,FI,quantile,0.975,34
ILI incidence,2025-02-23,2,FI,quantile,0.99,34
ILI incidence,2025-03-02,3,FI,quantile,0.01,21
ILI incidence,2025-03-02,3,FI,quantile,0.025,21
ILI incidence,2025-03-02,3,FI,quantile,0.05,21.105263157894736
ILI incidence,2025-03-02,3,FI,quantile,0.1,21.31578947368421
ILI incidence,2025-03-02,3,FI,quantile,0.15,21.526315789473685
ILI incidence,2025-03-02,3,FI,quantile,0.2,21.736842105263158
ILI incidence,2025-03-02,3,FI,quantile,0.25,21.94736842105263
ILI incidence,2025-03-02,3,FI,quantile,0.3,22.157894736842106
ILI incidence,2025-03-02,3,FI,quantile,0.35,22.36842105263158
ILI incidence,2025-03-02,3,FI,quantile,0.4,22.57894736842105
ILI incidence,2025-03-02,3,FI,quantile,0.45,22.789473684210527
ILI incidence,2025-03-02,3,FI,quantile,0.5,23
ILI incidence,2025-03-02,3,FI,quantile,0.55,23.315789473684212
ILI incidence,2025-03-02,3,FI,quantile,0.6,23.63157894736842
ILI incidence,2025-03-02,3,FI,quantile,0.65,23.947368421052634
ILI incidence,2025-03-02,3,FI,quantile,0.7,24.263157894736842
ILI incidence,2025-03-02,3,FI,quantile,0.75,24.578947368421055
ILI incidence,2025-03-02,3,FI,quantile,0.8,24.894736842105264
ILI incidence,2025-03-02,3,FI,quantile,0.85,25.210526315789473
ILI incidence,2025-03-02,3,FI,quantile,0.9,25.526315789473685
ILI incidence,2025-03-02,3,FI,quantile,0.95,25.842105263157894
ILI incidence,2025-03-02,3,FI,quantile,0.975,26
ILI incidence,2025-03-02,3,FI,quantile,0.99,26
ILI incidence,2025-03-09,4,FI,quantile,0.01,19
ILI incidence,2025-03-09,4,FI,quantile,0.025,19
ILI incidence,2025-03-09,4,FI,quantile,0.05,19.105263157894736
ILI incidence,2025-03-09,4,FI,quantile,0.1,19.31578947368421
ILI incidence,2025-03-09,4,FI,quantile,0.15,19.526315789473685
ILI incidence,2025-03-09,4,FI,quantile,0.2,19.736842105263158
ILI incidence,2025-03-09,4,FI,quantile,0.25,19.94736842105263
ILI incidence,2025-03-09,4,FI,quantile,0.3,20.157894736842106
ILI incidence,2025-03-09,4,FI,quantile,0.35,20.36842105263158
ILI incidence,2025-03-09,4,FI,quantile,0.4,20.57894736842105
ILI incidence,2025-03-09,4,FI,quantile,0.45,20.789473684210527
ILI incidence,2025-03-09,4,FI,quantile,0.5,21
ILI incidence,2025-03-09,4,FI,quantile,0.55,21.210526315789473
ILI incidence,2025-03-09,4,FI,quantile,0.6,21.42105263157895
ILI incidence,2025-03-09,4,FI,quantile,0.65,21.63157894736842
ILI incidence,2025-03-09,4,FI,quantile,0.7,21.842105263157894
ILI incidence,2025-03-09,4,FI,quantile,0.75,22.05263157894737
ILI incidence,2025-03-09,4,FI,quantile,0.8,22.263157894736842
ILI incidence,2025-03-09,4,FI,quantile,0.85,22.473684210526315
ILI incidence,2025-03-09,4,FI,quantile,0.9,22.68421052631579
ILI incidence,2025-03-09,4,FI,quantile,0.95,22.894736842105264
ILI incidence,2025-03-09,4,FI,quantile,0.975,23
ILI incidence,2025-03-09,4,FI,quantile,0.99,23
ILI incidence,2025-02-16,1,FR,quantile,0.01,295
ILI incidence,2025-02-16,1,FR,quantile,0.025,295
ILI incidence,2025-02-16,1,FR,quantile,0.05,295.89473684210526
ILI incidence,2025-02-16,1,FR,quantile,0.1,297.6842105263158
ILI incidence,2025-02-16,1,FR,quantile,0.15,299.4736842105263
ILI incidence,2025-02-16,1,FR,quantile,0.2,301.2631578947368
ILI incidence,2025-02-16,1,FR,quantile,0.25,303.05263157894734
ILI incidence,2025-02-16,1,FR,quantile,0.3,304.8421052631579
ILI incidence,2025-02-16,1,FR,quantile,0.35,306.63157894736844
ILI incidence,2025-02-16,1,FR,quantile,0.4,308.42105263157896
ILI incidence,2025-02-16,1,FR,quantile,0.45,310.2105263157895
ILI incidence,2025-02-16,1,FR,quantile,0.5,312
ILI incidence,2025-02-16,1,FR,quantile,0.55,313.89473684210526
ILI incidence,2025-02-16,1,FR,quantile,0.6,315.7894736842105
ILI incidence,2025-02-16,1,FR,quantile,0.65,317.6842105263158
ILI incidence,2025-02-16,1,FR,quantile,0.7,319.57894736842104
ILI incidence,2025-02-16,1,FR,quantile,0.75,321.4736842105263
ILI incidence,2025-02-16,1,FR,quantile,0.8,323.36842105263156
ILI incidence,2025-02-16,1,FR,quantile,0.85,325.2631578947368
ILI incidence,2025-02-16,1,FR,quantile,0.9,327.15789473684214
ILI incidence,2025-02-16,1,FR,quantile,0.95,329.0526315789474
ILI incidence,2025-02-16,1,FR,quantile,0.975,330
ILI incidence,2025-02-16,1,FR,quantile,0.99,330
ILI incidence,2025-02-23,2,FR,quantile,0.01,215
ILI incidence,2025-02-23,2,FR,quantile,0.025,215
ILI incidence,2025-02-23,2,FR,quantile,0.05,215.6315789473684
ILI incidence,2025-02-23,2,FR,quantile,0.1,216.89473684210526
ILI incidence,2025-02-23,2,FR,quantile,0.15,218.1578947368421
ILI incidence,2025-02-23,2,FR,quantile,0.2,219.42105263157896
ILI incidence,2025-02-23,2,FR,quantile,0.25,220.68421052631578
ILI incidence,2025-02-23,2,FR,quantile,0.3,221.94736842105263
ILI incidence,2025-02-23,2,FR,quantile,0.35,223.21052631578948
ILI incidence,2025-02-23,2,FR,quantile,0.4,224.4736842105263
ILI incidence,2025-02-23,2,FR,quantile,0.45,225.73684210526315
ILI incidence,2025-02-23,2,FR,quantile,0.5,227
ILI incidence,2025-02-23,2,FR,quantile,0.55,228.47368421052633
ILI incidence,2025-02-23,2,FR,quantile,0.6,229.94736842105263
ILI incidence,2025-02-23,2,FR,quantile,0.65,231.42105263157896
ILI incidence,2025-02-23,2,FR,quantile,0.7,232.89473684210526
ILI incidence,2025-02-23,2,FR,quantile,0.75,234.3684210526316
ILI incidence,2025-02-23,2,FR,quantile,0.8,235.8421052631579
ILI incidence,2025-02-23,2,FR,quantile,0.85,237.31578947368422
ILI incidence,2025-02-23,2,FR,quantile,0.9,238.78947368421052
ILI incidence,2025-02-23,2,FR,quantile,0.95,240.26315789473685
ILI incidence,2025-02-23,2,FR,quantile,0.975,241
ILI incidence,2025-02-23,2,FR,quantile,0.99,241
ILI incidence,2025-03-02,3,FR,quantile,0.01,159
ILI incidence,2025-03-02,3,FR,quantile,0.025,159
ILI incidence,2025-03-02,3,FR,quantile,0.05,159.47368421052633
ILI incidence,2025-03-02,3,FR,quantile,0.1,160.42105263157896
ILI incidence,2025-03-02,3,FR,quantile,0.15,161.3684210526316
ILI incidence,2025-03-02,3,FR,quantile,0.2,162.31578947368422
ILI incidence,2025-03-02,3,FR,quantile,0.25,163.26315789473685
ILI incidence,2025-03-02,3,FR,quantile,0.3,164.21052631578948
ILI incidence,2025-03-02,3,FR,quantile,0.35,165.1578947368421
ILI incidence,2025-03-02,3,FR,quantile,0.4,166.10526315789474
ILI incidence,2025-03-02,3,FR,quantile,0.45,167.05263157894737
ILI incidence,2025-03-02,3,FR,quantile,0.5,168
ILI incidence,2025-03-02,3,FR,quantile,0.55,169.05263157894737
ILI incidence,2025-03-02,3,FR,quantile,0.6,170.10526315789474
ILI incidence,2025-03-02,3,FR,quantile,0.65,171.1578947368421
ILI incidence,2025-03-02,3,FR,quantile,0.7,172.21052631578948
ILI incidence,2025-03-02,3,FR,quantile,0.75,173.26315789473685
ILI incidence,2025-03-02,3,FR,quantile,0.8,174.31578947368422
ILI incidence,2025-03-02,3,FR,quantile,0.85,175.3684210526316
ILI incidence,2025-03-02,3,FR,quantile,0.9,176.42105263157896
ILI incidence,2025-03-02,3,FR,quantile,0.95,177.4736842105263
ILI incidence,2025-03-02,3,FR,quantile,0.975,178
ILI incidence,2025-03-02,3,FR,quantile,0.99,178
ILI incidence,2025-03-09,4,FR,quantile,0.01,148
ILI incidence,2025-03-09,4,FR,quantile,0.025,148
ILI incidence,2025-03-09,4,FR,quantile,0.05,148.52631578947367
ILI incidence,2025-03-09,4,FR,quantile,0.1,149.57894736842104
ILI incidence,2025-03-09,4,FR,quantile,0.15,150.6315789473684
ILI incidence,2025-03-09,4,FR,quantile,0.2,151.68421052631578
ILI incidence,2025-03-09,4,FR,quantile,0.25,152.73684210526315
ILI incidence,2025-03-09,4,FR,quantile,0.3,153.78947368421052
ILI incidence,2025-03-09,4,FR,quantile,0.35,154.8421052631579
ILI incidence,2025-03-09,4,FR,quantile,0.4,155.89473684210526
ILI incidence,2025-03-09,4,FR,quantile,0.45,156.94736842105263
ILI incidence,2025-03-09,4,FR,quantile,0.5,158
ILI incidence,2025-03-09,4,FR,quantile,0.55,159.05263157894737
ILI incidence,2025-03-09,4,FR,quantile,0.6,160.10526315789474
ILI incidence,2025-03-09,4,FR,quantile,0.65,161.1578947368421
ILI incidence,2025-03-09,4,FR,quantile,0.7,162.21052631578948
ILI incidence,2025-03-09,4,FR,quantile,0.75,163.26315789473685
ILI incidence,2025-03-09,4,FR,quantile,0.8,164.31578947368422
ILI incidence,2025-03-09,4,FR,quantile,0.85,165.3684210526316
ILI incidence,2025-03-09,4,FR,quantile,0.9,166.42105263157896
ILI incidence,2025-03-09,4,FR,quantile,0.95,167.4736842105263
ILI incidence,2025-03-09,4,FR,quantile,0.975,168
ILI incidence,2025-03-09,4,FR,quantile,0.99,168
ILI incidence,2025-02-16,1,GR,quantile,0.01,1012
ILI incidence,2025-02-16,1,GR,quantile,0.025,1012
ILI incidence,2025-02-16,1,GR,quantile,0.05,1014.0526315789474
ILI incidence,2025-02-16,1,GR,quantile,0.1,1018.1578947368421
ILI incidence,2025-02-16,1,GR,quantile,0.15,1022.2631578947369
ILI incidence,2025-02-16,1,GR,quantile,0.2,1026.3684210526317
ILI incidence,2025-02-16,1,GR,quantile,0.25,1030.4736842105262
ILI incidence,2025-02-16,1,GR,quantile,0.3,1034.578947368421
ILI incidence,2025-02-16,1,GR,quantile,0.35,1038.6842105263158
ILI incidence,2025-02-16,1,GR,quantile,0.4,1042.7894736842106
ILI incidence,2025-02-16,1,GR,quantile,0.45,1046.8947368421052
ILI incidence,2025-02-16,1,GR,quantile,0.5,1051
ILI incidence,2025-02-16,1,GR,quantile,0.55,1055.2105263157894
ILI incidence,2025-02-16,1,GR,quantile,0.6,1059.421052631579
ILI incidence,2025-02-16,1,GR,quantile,0.65,1063.6315789473683
ILI incidence,2025-02-16,1,GR,quantile,0.7,1067.842105263158
ILI incidence,2025-02-16,1,GR,quantile,0.75,1072.0526315789473
ILI incidence,2025-02-16,1,GR,quantile,0.8,1076.2631578947369
ILI incidence,2025-02-16,1,GR,quantile,0.85,1080.4736842105262
ILI incidence,2025-02-16,1,GR,quantile,0.9,1084.6842105263158
ILI incidence,2025-02-16,1,GR,quantile,0.95,1088.8947368421052
ILI incidence,2025-02-16,1,GR,quantile,0.975,1091
ILI incidence,2025-02-16,1,GR,quantile,0.99,1091
ILI incidence,2025-02-23,2,GR,quantile,0.01,919
ILI incidence,2025-02-23,2,GR,quantile,0.025,919
ILI incidence,2025-02-23,2,GR,quantile,0.05,920.8421052631579
ILI incidence,2025-02-23,2,GR,quantile,0.1,924.5263157894736
ILI incidence,2025-02-23,2,GR,quantile,0.15,928.2105263157895
ILI incidence,2025-02-23,2,GR,quantile,0.2,931.8947368421053
ILI incidence,2025-02-23,2,GR,quantile,0.25,935.578947368421
ILI incidence,2025-02-23,2,GR,quantile,0.3,939.2631578947369
ILI incidence,2025-02-23,2,GR,quantile,0.35,942.9473684210526
ILI incidence,2025-02-23,2,GR,quantile,0.4,946.6315789473684
ILI incidence,2025-02-23,2,GR,quantile,0.45,950.3157894736842
ILI incidence,2025-02-23,2,GR,quantile,0.5,954
ILI incidence,2025-02-23,2,GR,quantile,0.55,957.8947368421053
ILI incidence,2025-02-23,2,GR,quantile,0.6,961.7894736842105
ILI incidence,2025-02-23,2,GR,quantile,0.65,965.6842105263158
ILI incidence,2025-02-23,2,GR,quantile,0.7,969.578947368421
ILI incidence,2025-02-23,2,GR,quantile,0.75,973.4736842105264
ILI incidence,2025-02-23,2,GR,quantile,0.8,977.3684210526316
ILI incidence,2025-02-23,2,GR,quantile,0.85,981.2631578947369
ILI incidence,2025-02-23,2,GR,quantile,0.9,985.1578947368421
ILI incidence,2025-02-23,2,GR,quantile,0.95,989.0526315789474
ILI incidence,2025-02-23,2,GR,quantile,0.975,991
ILI incidence,2025-02-23,2,GR,quantile,0.99,991
ILI incidence,2025-03-02,3,GR,quantile,0.01,844
ILI incidence,2025-03-02,3,GR,quantile,0.025,844
ILI incidence,2025-03-02,3,GR,quantile,0.05,845.7368421052631
ILI incidence,2025-03-02,3,GR,quantile,0.1,849.2105263157895
ILI incidence,2025-03-02,3,GR,quantile,0.15,852.6842105263158
ILI incidence,2025-03-02,3,GR,quantile,0.2,856.1578947368421
ILI incidence,2025-03-02,3,GR,quantile,0.25,859.6315789473684
ILI incidence,2025-03-02,3,GR,quantile,0.3,863.1052631578947
ILI incidence,2025-03-02,3,GR,quantile,0.35,866.578947368421
ILI incidence,2025-03-02,3,GR,quantile,0.4,870.0526315789474
ILI incidence,2025-03-02,3,GR,quantile,0.45,873.5263157894736
ILI incidence,2025-03-02,3,GR,quantile,0.5,877
ILI incidence,2025-03-02,3,GR,quantile,0.55,880.578947368421
ILI incidence,2025-03-02,3,GR,quantile,0.6,884.1578947368421
ILI incidence,2025-03-02,3,GR,quantile,0.65,887.7368421052631
ILI incidence,2025-03-02,3,GR,quantile,0.7,891.3157894736842
ILI incidence,2025-03-02,3,GR,quantile,0.75,894.8947368421053
ILI incidence,2025-03-02,3,GR,quantile,0.8,898.4736842105264
ILI incidence,2025-03-02,3,GR,quantile,0.85,902.0526315789474
ILI incidence,2025-03-02,3,GR,quantile,0.9,905.6315789473684
ILI incidence,2025-03-02,3,GR,quantile,0.95,909.2105263157895
ILI incidence,2025-03-02,3,GR,quantile,0.975,911
ILI incidence,2025-03-02,3,GR,quantile,0.99,911
ILI incidence,2025-03-09,4,GR,quantile,0.01,819
ILI incidence,2025-03-09,4,GR,quantile,0.025,819
ILI incidence,2025-03-09,4,GR,quantile,0.05,820.7894736842105
ILI incidence,2025-03-09,4,GR,quantile,0.1,824.3684210526316
ILI incidence,2025-03-09,4,GR,quantile,0.15,827.9473684210526
ILI incidence,2025-03-09,4,GR,quantile,0.2,831.5263157894736
ILI incidence,2025-03-09,4,GR,quantile,0.25,835.1052631578947
ILI incidence,2025-03-09,4,GR,quantile,0.3,838.6842105263158
ILI incidence,2025-03-09,4,GR,quantile,0.35,842.2631578947369
ILI incidence,2025-03-09,4,GR,quantile,0.4,845.8421052631579
ILI incidence,2025-03-09,4,GR,quantile,0.45,849.421052631579
ILI incidence,2025-03-09,4,GR,quantile,0.5,853
ILI incidence,2025-03-09,4,GR,quantile,0.55,856.7894736842105
ILI incidence,2025-03-09,4,GR,quantile,0.6,860.578947368421
ILI incidence,2025-03-09,4,GR,quantile,0.65,864.3684210526316
ILI incidence,2025-03-09,4,GR,quantile,0.7,868.1578947368421
ILI incidence,2025-03-09,4,GR,quantile,0.75,871.9473684210526
ILI incidence,2025-03-09,4,GR,quantile,0.8,875.7368421052631
ILI incidence,2025-03-09,4,GR,quantile,0.85,879.5263157894736
ILI incidence,2025-03-09,4,GR,quantile,0.9,883.3157894736843
ILI incidence,2025-03-09,4,GR,quantile,0.95,887.1052631578948
ILI incidence,2025-03-09,4,GR,quantile,0.975,889
ILI incidence,2025-03-09,4,GR,quantile,0.99,889
ILI incidence,2025-02-16,1,HU,quantile,0.01,716
ILI incidence,2025-02-16,1,HU,quantile,0.025,716
ILI incidence,2025-02-16,1,HU,quantile,0.05,718
ILI incidence,2025-02-16,1,HU,quantile,0.1,722
ILI incidence,2025-02-16,1,HU,quantile,0.15,726
ILI incidence,2025-02-16,1,HU,quantile,0.2,730
ILI incidence,2025-02-16,1,HU,quantile,0.25,734
ILI incidence,2025-02-16,1,HU,quantile,0.3,738
ILI incidence,2025-02-16,1,HU,quantile,0.35,742
ILI incidence,2025-02-16,1,HU,quantile,0.4,746
ILI incidence,2025-02-16,1,HU,quantile,0.45,750
ILI incidence,2025-02-16,1,HU,quantile,0.5,754
ILI incidence,2025-02-16,1,HU,quantile,0.55,758.2105263157895
ILI incidence,2025-02-16,1,HU,quantile,0.6,762.421052631579
ILI incidence,2025-02-16,1,HU,quantile,0.65,766.6315789473684
ILI incidence,2025-02-16,1,HU,quantile,0.7,770.8421052631579
ILI incidence,2025-02-16,1,HU,quantile,0.75,775.0526315789474
ILI incidence,2025-02-16,1,HU,quantile,0.8,779.2631578947369
ILI incidence,2025-02-16,1,HU,quantile,0.85,783.4736842105264
ILI incidence,2025-02-16,1,HU,quantile,0.9,787.6842105263158
ILI incidence,2025-02-16,1,HU,quantile,0.95,791.8947368421052
ILI incidence,2025-02-16,1,HU,quantile,0.975,794
ILI incidence,2025-02-16,1,HU,quantile,0.99,794
ILI incidence,2025-02-23,2,HU,quantile,0.01,600
ILI incidence,2025-02-23,2,HU,quantile,0.025,600
ILI incidence,2025-02-23,2,HU,quantile,0.05,601.6842105263158
ILI incidence,2025-02-23,2,HU,quantile,0.1,605.0526315789474
ILI incidence,2025-02-23,2,HU,quantile,0.15,608.421052631579
ILI incidence,2025-02-23,2,HU,quantile,0.2,611.7894736842105
ILI incidence,2025-02-23,2,HU,quantile,0.25,615.1578947368421
ILI incidence,2025-02-23,2,HU,quantile,0.3,618.5263157894736
ILI incidence,2025-02-23,2,HU,quantile,0.35,621.8947368421053
ILI incidence,2025-02-23,2,HU,quantile,0.4,625.2631578947369
ILI incidence,2025-02-23,2,HU,quantile,0.45,628.6315789473684
ILI incidence,2025-02-23,2,HU,quantile,0.5,632
ILI incidence,2025-02-23,2,HU,quantile,0.55,635.4736842105264
ILI incidence,2025-02-23,2,HU,quantile,0.6,638.9473684210526
ILI incidence,2025-02-23,2,HU,quantile,0.65,642.421052631579
ILI incidence,2025-02-23,2,HU,quantile,0.7,645.8947368421053
ILI incidence,2025-02-23,2,HU,quantile,0.75,649.3684210526316
ILI incidence,2025-02-23,2,HU,quantile,0.8,652.8421052631579
ILI incidence,2025-02-23,2,HU,quantile,0.85,656.3157894736842
ILI incidence,2025-02-23,2,HU,quantile,0.9,659.7894736842105
ILI incidence,2025-02-23,2,HU,quantile,0.95,663.2631578947369
ILI incidence,2025-02-23,2,HU,quantile,0.975,665
ILI incidence,2025-02-23,2,HU,quantile,0.99,665
ILI incidence,2025-03-02,3,HU,quantile,0.01,489
ILI incidence,2025-03-02,3,HU,quantile,0.025,489
ILI incidence,2025-03-02,3,HU,quantile,0.05,490.36842105263156
ILI incidence,2025-03-02,3,HU,quantile,0.1,493.10526315789474
ILI incidence,2025-03-02,3,HU,quantile,0.15,495.8421052631579
ILI incidence,2025-03-02,3,HU,quantile,0.2,498.57894736842104
ILI incidence,2025-03-02,3,HU,quantile,0.25,501.3157894736842
ILI incidence,2025-03-02,3,HU,quantile,0.3,504.05263157894734
ILI incidence,2025-03-02,3,HU,quantile,0.35,506.7894736842105
ILI incidence,2025-03-02,3,HU,quantile,0.4,509.5263157894737
ILI incidence,2025-03-02,3,HU,quantile,0.45,512.2631578947369
ILI incidence,2025-03-02,3,HU,quantile,0.5,515
ILI incidence,2025-03-02,3,HU,quantile,0.55,517.9473684210526
ILI incidence,2025-03-02,3,HU,quantile,0.6,520.8947368421053
ILI incidence,2025-03-02,3,HU,quantile,0.65,523.8421052631579
ILI incidence,2025-03-02,3,HU,quantile,0.7,526.7894736842105
ILI incidence,2025-03-02,3,HU,quantile,0.75,529.7368421052631
ILI incidence,2025-03-02,3,HU,quantile,0.8,532.6842105263158
ILI incidence,2025-03-02,3,HU,quantile,0.85,535.6315789473684
ILI incidence,2025-03-02,3,HU,quantile,0.9,538.578947368421
ILI incidence,2025-03-02,3,HU,quantile,0.95,541.5263157894736
ILI incidence,2025-03-02,3,HU,quantile,0.975,543
ILI incidence,2025-03-02,3,HU,quantile,0.99,543
ILI incidence,2025-03-09,4,HU,quantile,0.01,438
ILI incidence,2025-03-09,4,HU,quantile,0.025,438
ILI incidence,2025-03-09,4,HU,quantile,0.05,439.36842105263156
ILI incidence,2025-03-09,4,HU,quantile,0.1,442.10526315789474
ILI incidence,2025-03-09,4,HU,quantile,0.15,444.8421052631579
ILI incidence,2025-03-09,4,HU,quantile,0.2,447.57894736842104
ILI incidence,2025-03-09,4,HU,quantile,0.25,450.3157894736842
ILI incidence,2025-03-09,4,HU,quantile,0.3,453.05263157894734
ILI incidence,2025-03-09,4,HU,quantile,0.35,455.7894736842105
ILI incidence,2025-03-09,4,HU,quantile,0.4,458.5263157894737
ILI incidence,2025-03-09,4,HU,quantile,0.45,461.2631578947368
ILI incidence,2025-03-09,4,HU,quantile,0.5,464
ILI incidence,2025-03-09,4,HU,quantile,0.55,466.8421052631579
ILI incidence,2025-03-09,4,HU,quantile,0.6,469.6842105263158
ILI incidence,2025-03-09,4,HU,quantile,0.65,472.5263157894737
ILI incidence,2025-03-09,4,HU,quantile,0.7,475.36842105263156
ILI incidence,2025-03-09,4,HU,quantile,0.75,478.2105263157895
ILI incidence,2025-03-09,4,HU,quantile,0.8,481.0526315789474
ILI incidence,2025-03-09,4,HU,quantile,0.85,483.89473684210526
ILI incidence,2025-03-09,4,HU,quantile,0.9,486.7368421052632
ILI incidence,2025-03-09,4,HU,quantile,0.95,489.57894736842104
ILI incidence,2025-03-09,4,HU,quantile,0.975,491
ILI incidence,2025-03-09,4,HU,quantile,0.99,491
ILI incidence,2025-02-16,1,IE,quantile,0.01,15
ILI incidence,2025-02-16,1,IE,quantile,0.025,15
ILI incidence,2025-02-16,1,IE,quantile,0.05,15.052631578947368
ILI incidence,2025-02-16,1,IE,quantile,0.1,15.157894736842104
ILI incidence,2025-02-16,1,IE,quantile,0.15,15.263157894736842
ILI incidence,2025-02-16,1,IE,quantile,0.2,15.368421052631579
ILI incidence,2025-02-16,1,IE,quantile,0.25,15.473684210526315
ILI incidence,2025-02-16,1,IE,quantile,0.3,15.578947368421053
ILI incidence,2025-02-16,1,IE,quantile,0.35,15.68421052631579
ILI incidence,2025-02-16,1,IE,quantile,0.4,15.789473684210526
ILI incidence,2025-02-16,1,IE,quantile,0.45,15.894736842105264
ILI incidence,2025-02-16,1,IE,quantile,0.5,16
ILI incidence,2025-02-16,1,IE,quantile,0.55,16.105263157894736
ILI incidence,2025-02-16,1,IE,quantile,0.6,16.210526315789473
ILI incidence,2025-02-16,1,IE,quantile,0.65,16.315789473684212
ILI incidence,2025-02-16,1,IE,quantile,0.7,16.42105263157895
ILI incidence,2025-02-16,1,IE,quantile,0.75,16.526315789473685
ILI incidence,2025-02-16,1,IE,quantile,0.8,16.63157894736842
ILI incidence,2025-02-16,1,IE,quantile,0.85,16.736842105263158
ILI incidence,2025-02-16,1,IE,quantile,0.9,16.842105263157894
ILI incidence,2025-02-16,1,IE,quantile,0.95,16.94736842105263
ILI incidence,2025-02-16,1,IE,quantile,0.975,17
ILI incidence,2025-02-16,1,IE,quantile,0.99,17
ILI incidence,2025-02-23,2,IE,quantile,0.01,12
ILI incidence,2025-02-23,2,IE,quantile,0.025,12
ILI incidence,2025-02-23,2,IE,quantile,0.05,12.052631578947368
ILI incidence,2025-02-23,2,IE,quantile,0.1,12.157894736842104
ILI incidence,2025-02-23,2,IE,quantile,0.15,12.263157894736842
ILI incidence,2025-02-23,2,IE,quantile,0.2,12.368421052631579
ILI incidence,2025-02-23,2,IE,quantile,0.25,12.473684210526315
ILI incidence,2025-02-23,2,IE,quantile,0.3,12.578947368421053
ILI incidence,2025-02-23,2,IE,quantile,0.35,12.68421052631579
ILI incidence,2025-02-23,2,IE,quantile,0.4,12.789473684210526
ILI incidence,2025-02-23,2,IE,quantile,0.45,12.894736842105264
ILI incidence,2025-02-23,2,IE,quantile,0.5,13
ILI incidence,2025-02-23,2,IE,quantile,0.55,13
ILI incidence,2025-02-23,2,IE,quantile,0.6,13
ILI incidence,2025-02-23,2,IE,quantile,0.65,13
ILI incidence,2025-02-23,2,IE,quantile,0.7,13
ILI incidence,2025-02-23,2,IE,quantile,0.75,13
ILI incidence,2025-02-23,2,IE,quantile,0.8,13
ILI incidence,2025-02-23,2,IE,quantile,0.85,13
ILI incidence,2025-02-23,2,IE,quantile,0.9,13
ILI incidence,2025-02-23,2,IE,quantile,0.95,13
ILI incidence,2025-02-23,2,IE,quantile,0.975,13
ILI incidence,2025-02-23,2,IE,quantile,0.99,13
ILI incidence,2025-03-02,3,IE,quantile,0.01,10
ILI incidence,2025-03-02,3,IE,quantile,0.025,10
ILI incidence,2025-03-02,3,IE,quantile,0.05,10
ILI incidence,2025-03-02,3,IE,quantile,0.1,10
ILI incidence,2025-03-02,3,IE,quantile,0.15,10
ILI incidence,2025-03-02,3,IE,quantile,0.2,10
ILI incidence,2025-03-02,3,IE,quantile,0.25,10
ILI incidence,2025-03-02,3,IE,quantile,0.3,10
ILI incidence,2025-03-02,3,IE,quantile,0.35,10
ILI incidence,2025-03-02,3,IE,quantile,0.4,10
ILI incidence,2025-03-02,3,IE,quantile,0.45,10
ILI incidence,2025-03-02,3,IE,quantile,0.5,10
ILI incidence,2025-03-02,3,IE,quantile,0.55,10.105263157894736
ILI incidence,2025-03-02,3,IE,quantile,0.6,10.210526315789474
ILI incidence,2025-03-02,3,IE,quantile,0.65,10.31578947368421
ILI incidence,2025-03-02,3,IE,quantile,0.7,10.421052631578947
ILI incidence,2025-03-02,3,IE,quantile,0.75,10.526315789473685
ILI incidence,2025-03-02,3,IE,quantile,0.8,10.631578947368421
ILI incidence,2025-03-02,3,IE,quantile,0.85,10.736842105263158
ILI incidence,2025-03-02,3,IE,quantile,0.9,10.842105263157896
ILI incidence,2025-03-02,3,IE,quantile,0.95,10.947368421052632
ILI incidence,2025-03-02,3,IE,quantile,0.975,11
ILI incidence,2025-03-02,3,IE,quantile,0.99,11
ILI incidence,2025-03-09,4,IE,quantile,0.01,11
ILI incidence,2025-03-09,4,IE,quantile,0.025,11
ILI incidence,2025-03-09,4,IE,quantile,0.05,11
ILI incidence,2025-03-09,4,IE,quantile,0.1,11
ILI incidence,2025-03-09,4,IE,quantile,0.15,11
ILI incidence,2025-03-09,4,IE,quantile,0.2,11
ILI incidence,2025-03-09,4,IE,quantile,0.25,11
ILI incidence,2025-03-09,4,IE,quantile,0.3,11
ILI incidence,2025-03-09,4,IE,quantile,0.35,11
ILI incidence,2025-03-09,4,IE,quantile,0.4,11
ILI incidence,2025-03-09,4,IE,quantile,0.45,11
ILI incidence,2025-03-09,4,IE,quantile,0.5,11
ILI incidence,2025-03-09,4,IE,quantile,0.55,11.105263157894736
ILI incidence,2025-03-09,4,IE,quantile,0.6,11.210526315789474
ILI incidence,2025-03-09,4,IE,quantile,0.65,11.31578947368421
ILI incidence,2025-03-09,4,IE,quantile,0.7,11.421052631578947
ILI incidence,2025-03-09,4,IE,quantile,0.75,11.526315789473685
ILI incidence,2025-03-09,4,IE,quantile,0.8,11.631578947368421
ILI incidence,2025-03-09,4,IE,quantile,0.85,11.736842105263158
ILI incidence,2025-03-09,4,IE,quantile,0.9,11.842105263157896
ILI incidence,2025-03-09,4,IE,quantile,0.95,11.947368421052632
ILI incidence,2025-03-09,4,IE,quantile,0.975,12
ILI incidence,2025-03-09,4,IE,quantile,0.99,12
ILI incidence,2025-02-16,1,IS,quantile,0.01,12
ILI incidence,2025-02-16,1,IS,quantile,0.025,12
ILI incidence,2025-02-16,1,IS,quantile,0.05,12.052631578947368
ILI incidence,2025-02-16,1,IS,quantile,0.1,12.157894736842104
ILI incidence,2025-02-16,1,IS,quantile,0.15,12.263157894736842
ILI incidence,2025-02-16,1,IS,quantile,0.2,12.368421052631579
ILI incidence,2025-02-16,1,IS,quantile,0.25,12.473684210526315
ILI incidence,2025-02-16,1,IS,quantile,0.3,12.578947368421053
ILI incidence,2025-02-16,1,IS,quantile,0.35,12.68421052631579
ILI incidence,2025-02-16,1,IS,quantile,0.4,12.789473684210526
ILI incidence,2025-02-16,1,IS,quantile,0.45,12.894736842105264
ILI incidence,2025-02-16,1,IS,quantile,0.5,13
ILI incidence,2025-02-16,1,IS,quantile,0.55,13.105263157894736
ILI incidence,2025-02-16,1,IS,quantile,0.6,13.210526315789474
ILI incidence,2025-02-16,1,IS,quantile,0.65,13.31578947368421
ILI incidence,2025-02-16,1,IS,quantile,0.7,13.421052631578947
ILI incidence,2025-02-16,1,IS,quantile,0.75,13.526315789473685
ILI incidence,2025-02-16,1,IS,quantile,0.8,13.631578947368421
ILI incidence,2025-02-16,1,IS,quantile,0.85,13.736842105263158
ILI incidence,2025-02-16,1,IS,quantile,0.9,13.842105263157896
ILI incidence,2025-02-16,1,IS,quantile,0.95,13.947368421052632
ILI incidence,2025-02-16,1,IS,quantile,0.975,14
ILI incidence,2025-02-16,1,IS,quantile,0.99,14
ILI incidence,2025-02-23,2,IS,quantile,0.01,12
ILI incidence,2025-02-23,2,IS,quantile,0.025,12
ILI incidence,2025-02-23,2,IS,quantile,0.05,12.052631578947368
ILI incidence,2025-02-23,2,IS,quantile,0.1,12.157894736842104
ILI incidence,2025-02-23,2,IS,quantile,0.15,12.263157894736842
ILI incidence,2025-02-23,2,IS,quantile,0.2,12.368421052631579
ILI incidence,2025-02-23,2,IS,quantile,0.25,12.473684210526315
ILI incidence,2025-02-23,2,IS,quantile,0.3,12.578947368421053
ILI incidence,2025-02-23,2,IS,quantile,0.35,12.68421052631579
ILI incidence,2025-02-23,2,IS,quantile,0.4,12.789473684210526
ILI incidence,2025-02-23,2,IS,quantile,0.45,12.894736842105264
ILI incidence,2025-02-23,2,IS,quantile,0.5,13
ILI incidence,2025-02-23,2,IS,quantile,0.55,13.105263157894736
ILI incidence,2025-02-23,2,IS,quantile,0.6,13.210526315789474
ILI incidence,2025-02-23,2,IS,quantile,0.65,13.31578947368421
ILI incidence,2025-02-23,2,IS,quantile,0.7,13.421052631578947
ILI incidence,2025-02-23,2,IS,quantile,0.75,13.526315789473685
ILI incidence,2025-02-23,2,IS,quantile,0.8,13.631578947368421
ILI incidence,2025-02-23,2,IS,quantile,0.85,13.736842105263158
ILI incidence,2025-02-23,2,IS,quantile,0.9,13.842105263157896
ILI incidence,2025-02-23,2,IS,quantile,0.95,13.947368421052632
ILI incidence,2025-02-23,2,IS,quantile,0.975,14
ILI incidence,2025-02-23,2,IS,quantile,0.99,14
ILI incidence,2025-03-02,3,IS,quantile,0.01,11
ILI incidence,2025-03-02,3,IS,quantile,0.025,11
ILI incidence,2025-03-02,3,IS,quantile,0.05,11.052631578947368
ILI incidence,2025-03-02,3,IS,quantile,0.1,11.157894736842104
ILI incidence,2025-03-02,3,IS,quantile,0.15,11.263157894736842
ILI incidence,2025-03-02,3,IS,quantile,0.2,11.368421052631579
ILI incidence,2025-03-02,3,IS,quantile,0.25,11.473684210526315
ILI incidence,2025-03-02,3,IS,quantile,0.3,11.578947368421053
ILI incidence,2025-03-02,3,IS,quantile,0.35,11.68421052631579
ILI incidence,2025-03-02,3,IS,quantile,0.4,11.789473684210526
ILI incidence,2025-03-02,3,IS,quantile,0.45,11.894736842105264
ILI incidence,2025-03-02,3,IS,quantile,0.5,12
ILI incidence,2025-03-02,3,IS,quantile,0.55,12.105263157894736
ILI incidence,2025-03-02,3,IS,quantile,0.6,12.210526315789474
ILI incidence,2025-03-02,3,IS,quantile,0.65,12.31578947368421
ILI incidence,2025-03-02,3,IS,quantile,0.7,12.421052631578947
ILI incidence,2025-03-02,3,IS,quantile,0.75,12.526315789473685
ILI incidence,2025-03-02,3,IS,quantile,0.8,12.631578947368421
ILI incidence,2025-03-02,3,IS,quantile,0.85,12.736842105263158
ILI incidence,2025-03-02,3,IS,quantile,0.9,12.842105263157896
ILI incidence,2025-03-02,3,IS,quantile,0.95,12.947368421052632
ILI incidence,2025-03-02,3,IS,quantile,0.975,13
ILI incidence,2025-03-02,3,IS,quantile,0.99,13
ILI incidence,2025-03-09,4,IS,quantile,0.01,12
ILI incidence,2025-03-09,4,IS,quantile,0.025,12
ILI incidence,2025-03-09,4,IS,quantile,0.05,12.052631578947368
ILI incidence,2025-03-09,4,IS,quantile,0.1,12.157894736842104
ILI incidence,2025-03-09,4,IS,quantile,0.15,12.263157894736842
ILI incidence,2025-03-09,4,IS,quantile,0.2,12.368421052631579
ILI incidence,2025-03-09,4,IS,quantile,0.25,12.473684210526315
ILI incidence,2025-03-09,4,IS,quantile,0.3,12.578947368421053
ILI incidence,2025-03-09,4,IS,quantile,0.35,12.68421052631579
ILI incidence,2025-03-09,4,IS,quantile,0.4,12.789473684210526
ILI incidence,2025-03-09,4,IS,quantile,0.45,12.894736842105264
ILI incidence,2025-03-09,4,IS,quantile,0.5,13
ILI incidence,2025-03-09,4,IS,quantile,0.55,13.105263157894736
ILI incidence,2025-03-09,4,IS,quantile,0.6,13.210526315789474
ILI incidence,2025-03-09,4,IS,quantile,0.65,13.31578947368421
ILI incidence,2025-03-09,4,IS,quantile,0.7,13.421052631578947
ILI incidence,2025-03-09,4,IS,quantile,0.75,13.526315789473685
ILI incidence,2025-03-09,4,IS,quantile,0.8,13.631578947368421
ILI incidence,2025-03-09,4,IS,quantile,0.85,13.736842105263158
ILI incidence,2025-03-09,4,IS,quantile,0.9,13.842105263157896
ILI incidence,2025-03-09,4,IS,quantile,0.95,13.947368421052632
ILI incidence,2025-03-09,4,IS,quantile,0.975,14
ILI incidence,2025-03-09,4,IS,quantile,0.99,14
ILI incidence,2025-02-16,1,LT,quantile,0.01,185
ILI incidence,2025-02-16,1,LT,quantile,0.025,185
ILI incidence,2025-02-16,1,LT,quantile,0.05,185.8421052631579
ILI incidence,2025-02-16,1,LT,quantile,0.1,187.52631578947367
ILI incidence,2025-02-16,1,LT,quantile,0.15,189.21052631578948
ILI incidence,2025-02-16,1,LT,quantile,0.2,190.89473684210526
ILI incidence,2025-02-16,1,LT,quantile,0.25,192.57894736842104
ILI incidence,2025-02-16,1,LT,quantile,0.3,194.26315789473685
ILI incidence,2025-02-16,1,LT,quantile,0.35,195.94736842105263
ILI incidence,2025-02-16,1,LT,quantile,0.4,197.6315789473684
ILI incidence,2025-02-16,1,LT,quantile,0.45,199.31578947368422
ILI incidence,2025-02-16,1,LT,quantile,0.5,201
ILI incidence,2025-02-16,1,LT,quantile,0.55,203
ILI incidence,2025-02-16,1,LT,quantile,0.6,205
ILI incidence,2025-02-16,1,LT,quantile,0.65,207
ILI incidence,2025-02-16,1,LT,quantile,0.7,209
ILI incidence,2025-02-16,1,LT,quantile,0.75,211
ILI incidence,2025-02-16,1,LT,quantile,0.8,213
ILI incidence,2025-02-16,1,LT,quantile,0.85,215
ILI incidence,2025-02-16,1,LT,quantile,0.9,217
ILI incidence,2025-02-16,1,LT,quantile,0.95,219
ILI incidence,2025-02-16,1,LT,quantile,0.975,220
ILI incidence,2025-02-16,1,LT,quantile,0.99,220
ILI incidence,2025-02-23,2,LT,quantile,0.01,113
ILI incidence,2025-02-23,2,LT,quantile,0.025,113
ILI incidence,2025-02-23,2,LT,quantile,0.05,113.52631578947368
ILI incidence,2025-02-23,2,LT,quantile,0.1,114.57894736842105
ILI incidence,2025-02-23,2,LT,quantile,0.15,115.63157894736842
ILI incidence,2025-02-23,2,LT,quantile,0.2,116.6842105263158
ILI incidence,2025-02-23,2,LT,quantile,0.25,117.73684210526315
ILI incidence,2025-02-23,2,LT,quantile,0.3,118.78947368421052
ILI incidence,2025-02-23,2,LT,quantile,0.35,119.84210526315789
ILI incidence,2025-02-23,2,LT,quantile,0.4,120.89473684210526
ILI incidence,2025-02-23,2,LT,quantile,0.45,121.94736842105263
ILI incidence,2025-02-23,2,LT,quantile,0.5,123
ILI incidence,2025-02-23,2,LT,quantile,0.55,124.26315789473685
ILI incidence,2025-02-23,2,LT,quantile,0.6,125.52631578947368
ILI incidence,2025-02-23,2,LT,quantile,0.65,126.78947368421053
ILI incidence,2025-02-23,2,LT,quantile,0.7,128.05263157894737
ILI incidence,2025-02-23,2,LT,quantile,0.75,129.31578947368422
ILI incidence,2025-02-23,2,LT,quantile,0.8,130.57894736842104
ILI incidence,2025-02-23,2,LT,quantile,0.85,131.8421052631579
ILI incidence,2025-02-23,2,LT,quantile,0.9,133.10526315789474
ILI incidence,2025-02-23,2,LT,quantile,0.95,134.3684210526316
ILI incidence,2025-02-23,2,LT,quantile,0.975,135
ILI incidence,2025-02-23,2,LT,quantile,0.99,135
ILI incidence,2025-03-02,3,LT,quantile,0.01,67
ILI incidence,2025-03-02,3,LT,quantile,0.025,67
ILI incidence,2025-03-02,3,LT,quantile,0.05,67.3157894736842
ILI incidence,2025-03-02,3,LT,quantile,0.1,67.94736842105263
ILI incidence,2025-03-02,3,LT,quantile,0.15,68.57894736842105
ILI incidence,2025-03-02,3,LT,quantile,0.2,69.21052631578948
ILI incidence,2025-03-02,3,LT,quantile,0.25,69.84210526315789
ILI incidence,2025-03-02,3,LT,quantile,0.3,70.47368421052632
ILI incidence,2025-03-02,3,LT,quantile,0.35,71.10526315789474
ILI incidence,2025-03-02,3,LT,quantile,0.4,71.73684210526315
ILI incidence,2025-03-02,3,LT,quantile,0.45,72.36842105263158
ILI incidence,2025-03-02,3,LT,quantile,0.5,73
ILI incidence,2025-03-02,3,LT,quantile,0.55,73.73684210526316
ILI incidence,2025-03-02,3,LT,quantile,0.6,74.47368421052632
ILI incidence,2025-03-02,3,LT,quantile,0.65,75.21052631578948
ILI incidence,2025-03-02,3,LT,quantile,0.7,75.94736842105263
ILI incidence,2025-03-02,3,LT,quantile,0.75,76.6842105263158
ILI incidence,2025-03-02,3,LT,quantile,0.8,77.42105263157895
ILI incidence,2025-03-02,3,LT,quantile,0.85,78.15789473684211
ILI incidence,2025-03-02,3,LT,quantile,0.9,78.89473684210526
ILI incidence,2025-03-02,3,LT,quantile,0.95,79.63157894736842
ILI incidence,2025-03-02,3,LT,quantile,0.975,80
ILI incidence,2025-03-02,3,LT,quantile,0.99,80
ILI incidence,2025-03-09,4,LT,quantile,0.01,54
ILI incidence,2025-03-09,4,LT,quantile,0.025,54
ILI incidence,2025-03-09,4,LT,quantile,0.05,54.26315789473684
ILI incidence,2025-03-09,4,LT,quantile,0.1,54.78947368421053
ILI incidence,2025-03-09,4,LT,quantile,0.15,55.31578947368421
ILI incidence,2025-03-09,4,LT,quantile,0.2,55.8421052631579
ILI incidence,2025-03-09,4,LT,quantile,0.25,56.368421052631575
ILI incidence,2025-03-09,4,LT,quantile,0.3,56.89473684210526
ILI incidence,2025-03-09,4,LT,quantile,0.35,57.421052631578945
ILI incidence,2025-03-09,4,LT,quantile,0.4,57.94736842105263
ILI incidence,2025-03-09,4,LT,quantile,0.45,58.473684210526315
ILI incidence,2025-03-09,4,LT,quantile,0.5,59
ILI incidence,2025-03-09,4,LT,quantile,0.55,59.631578947368425
ILI incidence,2025-03-09,4,LT,quantile,0.6,60.26315789473684
ILI incidence,2025-03-09,4,LT,quantile,0.65,60.89473684210527
ILI incidence,2025-03-09,4,LT,quantile,0.7,61.526315789473685
ILI incidence,2025-03-09,4,LT,quantile,0.75,62.15789473684211
ILI incidence,2025-03-09,4,LT,quantile,0.8,62.78947368421053
ILI incidence,2025-03-09,4,LT,quantile,0.85,63.421052631578945
ILI incidence,2025-03-09,4,LT,quantile,0.9,64.05263157894737
ILI incidence,2025-03-09,4,LT,quantile,0.95,64.6842105263158
ILI incidence,2025-03-09,4,LT,quantile,0.975,65
ILI incidence,2025-03-09,4,LT,quantile,0.99,65
ILI incidence,2025-02-16,1,LU,quantile,0.01,12862
ILI incidence,2025-02-16,1,LU,quantile,0.025,12862
ILI incidence,2025-02-16,1,LU,quantile,0.05,12992.947368421053
ILI incidence,2025-02-16,1,LU,quantile,0.1,13254.842105263158
ILI incidence,2025-02-16,1,LU,quantile,0.15,13516.736842105263
ILI incidence,2025-02-16,1,LU,quantile,0.2,13778.631578947368
ILI incidence,2025-02-16,1,LU,quantile,0.25,14040.526315789473
ILI incidence,2025-02-16,1,LU,quantile,0.3,14302.421052631578
ILI incidence,2025-02-16,1,LU,quantile,0.35,14564.315789473685
ILI incidence,2025-02-16,1,LU,quantile,0.4,14826.21052631579
ILI incidence,2025-02-16,1,LU,quantile,0.45,15088.105263157895
ILI incidence,2025-02-16,1,LU,quantile,0.5,15350
ILI incidence,2025-02-16,1,LU,quantile,0.55,15662.631578947368
ILI incidence,2025-02-16,1,LU,quantile,0.6,15975.263157894737
ILI incidence,2025-02-16,1,LU,quantile,0.65,16287.894736842107
ILI incidence,2025-02-16,1,LU,quantile,0.7,16600.526315789473
ILI incidence,2025-02-16,1,LU,quantile,0.75,16913.157894736843
ILI incidence,2025-02-16,1,LU,quantile,0.8,17225.78947368421
ILI incidence,2025-02-16,1,LU,quantile,0.85,17538.42105263158
ILI incidence,2025-02-16,1,LU,quantile,0.9,17851.052631578947
ILI incidence,2025-02-16,1,LU,quantile,0.95,18163.684210526317
ILI incidence,2025-02-16,1,LU,quantile,0.975,18320
ILI incidence,2025-02-16,1,LU,quantile,0.99,18320
ILI incidence,2025-02-23,2,LU,quantile,0.01,8130
ILI incidence,2025-02-23,2,LU,quantile,0.025,8130
ILI incidence,2025-02-23,2,LU,quantile,0.05,8213.526315789473
ILI incidence,2025-02-23,2,LU,quantile,0.1,8380.578947368422
ILI incidence,2025-02-23,2,LU,quantile,0.15,8547.631578947368
ILI incidence,2025-02-23,2,LU,quantile,0.2,8714.684210526315
ILI incidence,2025-02-23,2,LU,quantile,0.25,8881.736842105263
ILI incidence,2025-02-23,2,LU,quantile,0.3,9048.78947368421
ILI incidence,2025-02-23,2,LU,quantile,0.35,9215.842105263158
ILI incidence,2025-02-23,2,LU,quantile,0.4,9382.894736842105
ILI incidence,2025-02-23,2,LU,quantile,0.45,9549.947368421053
ILI incidence,2025-02-23,2,LU,quantile,0.5,9717
ILI incidence,2025-02-23,2,LU,quantile,0.55,9916.578947368422
ILI incidence,2025-02-23,2,LU,quantile,0.6,10116.157894736842
ILI incidence,2025-02-23,2,LU,quantile,0.65,10315.736842105263
ILI incidence,2025-02-23,2,LU,quantile,0.7,10515.315789473685
ILI incidence,2025-02-23,2,LU,quantile,0.75,10714.894736842105
ILI incidence,2025-02-23,2,LU,quantile,0.8,10914.473684210527
ILI incidence,2025-02-23,2,LU,quantile,0.85,11114.052631578948
ILI incidence,2025-02-23,2,LU,quantile,0.9,11313.631578947368
ILI incidence,2025-02-23,2,LU,quantile,0.95,11513.21052631579
ILI incidence,2025-02-23,2,LU,quantile,0.975,11613
ILI incidence,2025-02-23,2,LU,quantile,0.99,11613
ILI incidence,2025-03-02,3,LU,quantile,0.01,5824
ILI incidence,2025-03-02,3,LU,quantile,0.025,5824
ILI incidence,2025-03-02,3,LU,quantile,0.05,5884.368421052632
ILI incidence,2025-03-02,3,LU,quantile,0.1,6005.105263157895
ILI incidence,2025-03-02,3,LU,quantile,0.15,6125.842105263158
ILI incidence,2025-03-02,3,LU,quantile,0.2,6246.578947368421
ILI incidence,2025-03-02,3,LU,quantile,0.25,6367.315789473684
ILI incidence,2025-03-02,3,LU,quantile,0.3,6488.0526315789475
ILI incidence,2025-03-02,3,LU,quantile,0.35,6608.789473684211
ILI incidence,2025-03-02,3,LU,quantile,0.4,6729.526315789473
ILI incidence,2025-03-02,3,LU,quantile,0.45,6850.263157894737
ILI incidence,2025-03-02,3,LU,quantile,0.5,6971
ILI incidence,2025-03-02,3,LU,quantile,0.55,7115.421052631579
ILI incidence,2025-03-02,3,LU,quantile,0.6,7259.842105263158
ILI incidence,2025-03-02,3,LU,quantile,0.65,7404.263157894738
ILI incidence,2025-03-02,3,LU,quantile,0.7,7548.684210526316
ILI incidence,2025-03-02,3,LU,quantile,0.75,7693.105263157895
ILI incidence,2025-03-02,3,LU,quantile,0.8,7837.526315789474
ILI incidence,2025-03-02,3,LU,quantile,0.85,7981.947368421053
ILI incidence,2025-03-02,3,LU,quantile,0.9,8126.368421052632
ILI incidence,2025-03-02,3,LU,quantile,0.95,8270.78947368421
ILI incidence,2025-03-02,3,LU,quantile,0.975,8343
ILI incidence,2025-03-02,3,LU,quantile,0.99,8343
ILI incidence,2025-03-09,4,LU,quantile,0.01,4529
ILI incidence,2025-03-09,4,LU,quantile,0.025,4529
ILI incidence,2025-03-09,4,LU,quantile,0.05,4581.894736842105
ILI incidence,2025-03-09,4,LU,quantile,0.1,4687.684210526316
ILI incidence,2025-03-09,4,LU,quantile,0.15,4793.473684210527
ILI incidence,2025-03-09,4,LU,quantile,0.2,4899.263157894737
ILI incidence,2025-03-09,4,LU,quantile,0.25,5005.0526315789475
ILI incidence,2025-03-09,4,LU,quantile,0.3,5110.8421052631575
ILI incidence,2025-03-09,4,LU,quantile,0.35,5216.631578947368
ILI incidence,2025-03-09,4,LU,quantile,0.4,5322.421052631579
ILI incidence,2025-03-09,4,LU,quantile,0.45,5428.210526315789
ILI incidence,2025-03-09,4,LU,quantile,0.5,5534
ILI incidence,2025-03-09,4,LU,quantile,0.55,5663.263157894737
ILI incidence,2025-03-09,4,LU,quantile,0.6,5792.526315789474
ILI incidence,2025-03-09,4,LU,quantile,0.65,5921.789473684211
ILI incidence,2025-03-09,4,LU,quantile,0.7,6051.0526315789475
ILI incidence,2025-03-09,4,LU,quantile,0.75,6180.315789473685
ILI incidence,2025-03-09,4,LU,quantile,0.8,6309.578947368422
ILI incidence,2025-03-09,4,LU,quantile,0.85,6438.842105263158
ILI incidence,2025-03-09,4,LU,quantile,0.9,6568.105263157895
ILI incidence,2025-03-09,4,LU,quantile,0.95,6697.368421052632
ILI incidence,2025-03-09,4,LU,quantile,0.975,6762
ILI incidence,2025-03-09,4,LU,quantile,0.99,6762
ILI incidence,2025-02-16,1,MT,quantile,0.01,5739
ILI incidence,2025-02-16,1,MT,quantile,0.025,5739
ILI incidence,2025-02-16,1,MT,quantile,0.05,5759.421052631579
ILI incidence,2025-02-16,1,MT,quantile,0.1,5800.263157894737
ILI incidence,2025-02-16,1,MT,quantile,0.15,5841.105263157895
ILI incidence,2025-02-16,1,MT,quantile,0.2,5881.9473684210525
ILI incidence,2025-02-16,1,MT,quantile,0.25,5922.789473684211
ILI incidence,2025-02-16,1,MT,quantile,0.3,5963.631578947368
ILI incidence,2025-02-16,1,MT,quantile,0.35,6004.473684210527
ILI incidence,2025-02-16,1,MT,quantile,0.4,6045.315789473684
ILI incidence,2025-02-16,1,MT,quantile,0.45,6086.157894736842
ILI incidence,2025-02-16,1,MT,quantile,0.5,6127
ILI incidence,2025-02-16,1,MT,quantile,0.55,6170.578947368421
ILI incidence,2025-02-16,1,MT,quantile,0.6,6214.1578947368425
ILI incidence,2025-02-16,1,MT,quantile,0.65,6257.736842105263
ILI incidence,2025-02-16,1,MT,quantile,0.7,6301.315789473684
ILI incidence,2025-02-16,1,MT,quantile,0.75,6344.894736842105
ILI incidence,2025-02-16,1,MT,quantile,0.8,6388.473684210527
ILI incidence,2025-02-16,1,MT,quantile,0.85,6432.0526315789475
ILI incidence,2025-02-16,1,MT,quantile,0.9,6475.631578947368
ILI incidence,2025-02-16,1,MT,quantile,0.95,6519.210526315789
ILI incidence,2025-02-16,1,MT,quantile,0.975,6541
ILI incidence,2025-02-16,1,MT,quantile,0.99,6541
ILI incidence,2025-02-23,2,MT,quantile,0.01,5373
ILI incidence,2025-02-23,2,MT,quantile,0.025,5373
ILI incidence,2025-02-23,2,MT,quantile,0.05,5392.263157894737
ILI incidence,2025-02-23,2,MT,quantile,0.1,5430.789473684211
ILI incidence,2025-02-23,2,MT,quantile,0.15,5469.315789473684
ILI incidence,2025-02-23,2,MT,quantile,0.2,5507.8421052631575
ILI incidence,2025-02-23,2,MT,quantile,0.25,5546.368421052632
ILI incidence,2025-02-23,2,MT,quantile,0.3,5584.894736842105
ILI incidence,2025-02-23,2,MT,quantile,0.35,5623.421052631579
ILI incidence,2025-02-23,2,MT,quantile,0.4,5661.9473684210525
ILI incidence,2025-02-23,2,MT,quantile,0.45,5700.473684210527
ILI incidence,2025-02-23,2,MT,quantile,0.5,5739
ILI incidence,2025-02-23,2,MT,quantile,0.55,5780.1578947368425
ILI incidence,2025-02-23,2,MT,quantile,0.6,5821.315789473684
ILI incidence,2025-02-23,2,MT,quantile,0.65,5862.473684210527
ILI incidence,2025-02-23,2,MT,quantile,0.7,5903.631578947368
ILI incidence,2025-02-23,2,MT,quantile,0.75,5944.789473684211
ILI incidence,2025-02-23,2,MT,quantile,0.8,5985.9473684210525
ILI incidence,2025-02-23,2,MT,quantile,0.85,6027.105263157895
ILI incidence,2025-02-23,2,MT,quantile,0.9,6068.263157894737
ILI incidence,2025-02-23,2,MT,quantile,0.95,6109.421052631579
ILI incidence,2025-02-23,2,MT,quantile,0.975,6130
ILI incidence,2025-02-23,2,MT,quantile,0.99,6130
ILI incidence,2025-03-02,3,MT,quantile,0.01,5064
ILI incidence,2025-03-02,3,MT,quantile,0.025,5064
ILI incidence,2025-03-02,3,MT,quantile,0.05,5082.263157894737
ILI incidence,2025-03-02,3,MT,quantile,0.1,5118.789473684211
ILI incidence,2025-03-02,3,MT,quantile,0.15,5155.315789473684
ILI incidence,2025-03-02,3,MT,quantile,0.2,5191.8421052631575
ILI incidence,2025-03-02,3,MT,quantile,0.25,5228.368421052632
ILI incidence,2025-03-02,3,MT,quantile,0.3,5264.894736842105
ILI incidence,2025-03-02,3,MT,quantile,0.35,5301.421052631579
ILI incidence,2025-03-02,3,MT,quantile,0.4,5337.9473684210525
ILI incidence,2025-03-02,3,MT,quantile,0.45,5374.473684210527
ILI incidence,2025-03-02,3,MT,quantile,0.5,5411
ILI incidence,2025-03-02,3,MT,quantile,0.55,5450.1578947368425
ILI incidence,2025-03-02,3,MT,quantile,0.6,5489.315789473684
ILI incidence,2025-03-02,3,MT,quantile,0.65,5528.473684210527
ILI incidence,2025-03-02,3,MT,quantile,0.7,5567.631578947368
ILI incidence,2025-03-02,3,MT,quantile,0.75,5606.789473684211
ILI incidence,2025-03-02,3,MT,quantile,0.8,5645.9473684210525
ILI incidence,2025-03-02,3,MT,quantile,0.85,5685.105263157895
ILI incidence,2025-03-02,3,MT,quantile,0.9,5724.263157894737
ILI incidence,2025-03-02,3,MT,quantile,0.95,5763.421052631579
ILI incidence,2025-03-02,3,MT,quantile,0.975,5783
ILI incidence,2025-03-02,3,MT,quantile,0.99,5783
ILI incidence,2025-03-09,4,MT,quantile,0.01,5456
ILI incidence,2025-03-09,4,MT,quantile,0.025,5456
ILI incidence,2025-03-09,4,MT,quantile,0.05,5476.736842105263
ILI incidence,2025-03-09,4,MT,quantile,0.1,5518.210526315789
ILI incidence,2025-03-09,4,MT,quantile,0.15,5559.684210526316
ILI incidence,2025-03-09,4,MT,quantile,0.2,5601.1578947368425
ILI incidence,2025-03-09,4,MT,quantile,0.25,5642.631578947368
ILI incidence,2025-03-09,4,MT,quantile,0.3,5684.105263157895
ILI incidence,2025-03-09,4,MT,quantile,0.35,5725.578947368421
ILI incidence,2025-03-09,4,MT,quantile,0.4,5767.0526315789475
ILI incidence,2025-03-09,4,MT,quantile,0.45,5808.526315789473
ILI incidence,2025-03-09,4,MT,quantile,0.5,5850
ILI incidence,2025-03-09,4,MT,quantile,0.55,5894.421052631579
ILI incidence,2025-03-09,4,MT,quantile,0.6,5938.842105263158
ILI incidence,2025-03-09,4,MT,quantile,0.65,5983.263157894737
ILI incidence,2025-03-09,4,MT,quantile,0.7,6027.684210526316
ILI incidence,2025-03-09,4,MT,quantile,0.75,6072.105263157895
ILI incidence,2025-03-09,4,MT,quantile,0.8,6116.526315789473
ILI incidence,2025-03-09,4,MT,quantile,0.85,6160.9473684210525
ILI incidence,2025-03-09,4,MT,quantile,0.9,6205.368421052632
ILI incidence,2025-03-09,4,MT,quantile,0.95,6249.789473684211
ILI incidence,2025-03-09,4,MT,quantile,0.975,6272
ILI incidence,2025-03-09,4,MT,quantile,0.99,6272
ILI incidence,2025-02-16,1,NL,quantile,0.01,75
ILI incidence,2025-02-16,1,NL,quantile,0.025,75
ILI incidence,2025-02-16,1,NL,quantile,0.05,75.21052631578948
ILI incidence,2025-02-16,1,NL,quantile,0.1,75.63157894736842
ILI incidence,2025-02-16,1,NL,quantile,0.15,76.05263157894737
ILI incidence,2025-02-16,1,NL,quantile,0.2,76.47368421052632
ILI incidence,2025-02-16,1,NL,quantile,0.25,76.89473684210526
ILI incidence,2025-02-16,1,NL,quantile,0.3,77.3157894736842
ILI incidence,2025-02-16,1,NL,quantile,0.35,77.73684210526316
ILI incidence,2025-02-16,1,NL,quantile,0.4,78.15789473684211
ILI incidence,2025-02-16,1,NL,quantile,0.45,78.57894736842105
ILI incidence,2025-02-16,1,NL,quantile,0.5,79
ILI incidence,2025-02-16,1,NL,quantile,0.55,79.3157894736842
ILI incidence,2025-02-16,1,NL,quantile,0.6,79.63157894736842
ILI incidence,2025-02-16,1,NL,quantile,0.65,79.94736842105263
ILI incidence,2025-02-16,1,NL,quantile,0.7,80.26315789473685
ILI incidence,2025-02-16,1,NL,quantile,0.75,80.57894736842105
ILI incidence,2025-02-16,1,NL,quantile,0.8,80.89473684210526
ILI incidence,2025-02-16,1,NL,quantile,0.85,81.21052631578948
ILI incidence,2025-02-16,1,NL,quantile,0.9,81.52631578947368
ILI incidence,2025-02-16,1,NL,quantile,0.95,81.84210526315789
ILI incidence,2025-02-16,1,NL,quantile,0.975,82
ILI incidence,2025-02-16,1,NL,quantile,0.99,82
ILI incidence,2025-02-23,2,NL,quantile,0.01,62
ILI incidence,2025-02-23,2,NL,quantile,0.025,62
ILI incidence,2025-02-23,2,NL,quantile,0.05,62.1578947368421
ILI incidence,2025-02-23,2,NL,quantile,0.1,62.473684210526315
ILI incidence,2025-02-23,2,NL,quantile,0.15,62.78947368421053
ILI incidence,2025-02-23,2,NL,quantile,0.2,63.10526315789474
ILI incidence,2025-02-23,2,NL,quantile,0.25,63.421052631578945
ILI incidence,2025-02-23,2,NL,quantile,0.3,63.73684210526316
ILI incidence,2025-02-23,2,NL,quantile,0.35,64.05263157894737
ILI incidence,2025-02-23,2,NL,quantile,0.4,64.36842105263158
ILI incidence,2025-02-23,2,NL,quantile,0.45,64.6842105263158
ILI incidence,2025-02-23,2,NL,quantile,0.5,65
ILI incidence,2025-02-23,2,NL,quantile,0.55,65.3157894736842
ILI incidence,2025-02-23,2,NL,quantile,0.6,65.63157894736842
ILI incidence,2025-02-23,2,NL,quantile,0.65,65.94736842105263
ILI incidence,2025-02-23,2,NL,quantile,0.7,66.26315789473685
ILI incidence,2025-02-23,2,NL,quantile,0.75,66.57894736842105
ILI incidence,2025-02-23,2,NL,quantile,0.8,66.89473684210526
ILI incidence,2025-02-23,2,NL,quantile,0.85,67.21052631578948
ILI incidence,2025-02-23,2,NL,quantile,0.9,67.52631578947368
ILI incidence,2025-02-23,2,NL,quantile,0.95,67.84210526315789
ILI incidence,2025-02-23,2,NL,quantile,0.975,68
ILI incidence,2025-02-23,2,NL,quantile,0.99,68
ILI incidence,2025-03-02,3,NL,quantile,0.01,53
ILI incidence,2025-03-02,3,NL,quantile,0.025,53
ILI incidence,2025-03-02,3,NL,quantile,0.05,53.1578947368421
ILI incidence,2025-03-02,3,NL,quantile,0.1,53.473684210526315
ILI incidence,2025-03-02,3,NL,quantile,0.15,53.78947368421053
ILI incidence,2025-03-02,3,NL,quantile,0.2,54.10526315789474
ILI incidence,2025-03-02,3,NL,quantile,0.25,54.421052631578945
ILI incidence,2025-03-02,3,NL,quantile,0.3,54.73684210526316
ILI incidence,2025-03-02,3,NL,quantile,0.35,55.05263157894737
ILI incidence,2025-03-02,3,NL,quantile,0.4,55.368421052631575
ILI incidence,2025-03-02,3,NL,quantile,0.45,55.68421052631579
ILI incidence,2025-03-02,3,NL,quantile,0.5,56
ILI incidence,2025-03-02,3,NL,quantile,0.55,56.31578947368421
ILI incidence,2025-03-02,3,NL,quantile,0.6,56.631578947368425
ILI incidence,2025-03-02,3,NL,quantile,0.65,56.94736842105263
ILI incidence,2025-03-02,3,NL,quantile,0.7,57.26315789473684
ILI incidence,2025-03-02,3,NL,quantile,0.75,57.578947368421055
ILI incidence,2025-03-02,3,NL,quantile,0.8,57.89473684210526
ILI incidence,2025-03-02,3,NL,quantile,0.85,58.21052631578947
ILI incidence,2025-03-02,3,NL,quantile,0.9,58.526315789473685
ILI incidence,2025-03-02,3,NL,quantile,0.95,58.8421052631579
ILI incidence,2025-03-02,3,NL,quantile,0.975,59
ILI incidence,2025-03-02,3,NL,quantile,0.99,59
ILI incidence,2025-03-09,4,NL,quantile,0.01,54
ILI incidence,2025-03-09,4,NL,quantile,0.025,54
ILI incidence,2025-03-09,4,NL,quantile,0.05,54.1578947368421
ILI incidence,2025-03-09,4,NL,quantile,0.1,54.473684210526315
ILI incidence,2025-03-09,4,NL,quantile,0.15,54.78947368421053
ILI incidence,2025-03-09,4,NL,quantile,0.2,55.10526315789474
ILI incidence,2025-03-09,4,NL,quantile,0.25,55.421052631578945
ILI incidence,2025-03-09,4,NL,quantile,0.3,55.73684210526316
ILI incidence,2025-03-09,4,NL,quantile,0.35,56.05263157894737
ILI incidence,2025-03-09,4,NL,quantile,0.4,56.368421052631575
ILI incidence,2025-03-09,4,NL,quantile,0.45,56.68421052631579
ILI incidence,2025-03-09,4,NL,quantile,0.5,57
ILI incidence,2025-03-09,4,NL,quantile,0.55,57.31578947368421
ILI incidence,2025-03-09,4,NL,quantile,0.6,57.631578947368425
ILI incidence,2025-03-09,4,NL,quantile,0.65,57.94736842105263
ILI incidence,2025-03-09,4,NL,quantile,0.7,58.26315789473684
ILI incidence,2025-03-09,4,NL,quantile,0.75,58.578947368421055
ILI incidence,2025-03-09,4,NL,quantile,0.8,58.89473684210526
ILI incidence,2025-03-09,4,NL,quantile,0.85,59.21052631578947
ILI incidence,2025-03-09,4,NL,quantile,0.9,59.526315789473685
ILI incidence,2025-03-09,4,NL,quantile,0.95,59.8421052631579
ILI incidence,2025-03-09,4,NL,quantile,0.975,60
ILI incidence,2025-03-09,4,NL,quantile,0.99,60
ILI incidence,2025-02-16,1,NO,quantile,0.01,96
ILI incidence,2025-02-16,1,NO,quantile,0.025,96
ILI incidence,2025-02-16,1,NO,quantile,0.05,96.26315789473684
ILI incidence,2025-02-16,1,NO,quantile,0.1,96.78947368421052
ILI incidence,2025-02-16,1,NO,quantile,0.15,97.3157894736842
ILI incidence,2025-02-16,1,NO,quantile,0.2,97.84210526315789
ILI incidence,2025-02-16,1,NO,quantile,0.25,98.36842105263158
ILI incidence,2025-02-16,1,NO,quantile,0.3,98.89473684210526
ILI incidence,2025-02-16,1,NO,quantile,0.35,99.42105263157895
ILI incidence,2025-02-16,1,NO,quantile,0.4,99.94736842105263
ILI incidence,2025-02-16,1,NO,quantile,0.45,100.47368421052632
ILI incidence,2025-02-16,1,NO,quantile,0.5,101
ILI incidence,2025-02-16,1,NO,quantile,0.55,101.52631578947368
ILI incidence,2025-02-16,1,NO,quantile,0.6,102.05263157894737
ILI incidence,2025-02-16,1,NO,quantile,0.65,102.57894736842105
ILI incidence,2025-02-16,1,NO,quantile,0.7,103.10526315789474
ILI incidence,2025-02-16,1,NO,quantile,0.75,103.63157894736842
ILI incidence,2025-02-16,1,NO,quantile,0.8,104.15789473684211
ILI incidence,2025-02-16,1,NO,quantile,0.85,104.6842105263158
ILI incidence,2025-02-16,1,NO,quantile,0.9,105.21052631578948
ILI incidence,2025-02-16,1,NO,quantile,0.95,105.73684210526315
ILI incidence,2025-02-16,1,NO,quantile,0.975,106
ILI incidence,2025-02-16,1,NO,quantile,0.99,106
ILI incidence,2025-02-23,2,NO,quantile,0.01,81
ILI incidence,2025-02-23,2,NO,quantile,0.025,81
ILI incidence,2025-02-23,2,NO,quantile,0.05,81.21052631578948
ILI incidence,2025-02-23,2,NO,quantile,0.1,81.63157894736842
ILI incidence,2025-02-23,2,NO,quantile,0.15,82.05263157894737
ILI incidence,2025-02-23,2,NO,quantile,0.2,82.47368421052632
ILI incidence,2025-02-23,2,NO,quantile,0.25,82.89473684210526
ILI incidence,2025-02-23,2,NO,quantile,0.3,83.3157894736842
ILI incidence,2025-02-23,2,NO,quantile,0.35,83.73684210526316
ILI incidence,2025-02-23,2,NO,quantile,0.4,84.15789473684211
ILI incidence,2025-02-23,2,NO,quantile,0.45,84.57894736842105
ILI incidence,2025-02-23,2,NO,quantile,0.5,85
ILI incidence,2025-02-23,2,NO,quantile,0.55,85.52631578947368
ILI incidence,2025-02-23,2,NO,quantile,0.6,86.05263157894737
ILI incidence,2025-02-23,2,NO,quantile,0.65,86.57894736842105
ILI incidence,2025-02-23,2,NO,quantile,0.7,87.10526315789474
ILI incidence,2025-02-23,2,NO,quantile,0.75,87.63157894736842
ILI incidence,2025-02-23,2,NO,quantile,0.8,88.15789473684211
ILI incidence,2025-02-23,2,NO,quantile,0.85,88.6842105263158
ILI incidence,2025-02-23,2,NO,quantile,0.9,89.21052631578948
ILI incidence,2025-02-23,2,NO,quantile,0.95,89.73684210526315
ILI incidence,2025-02-23,2,NO,quantile,0.975,90
ILI incidence,2025-02-23,2,NO,quantile,0.99,90
ILI incidence,2025-03-02,3,NO,quantile,0.01,70
ILI incidence,2025-03-02,3,NO,quantile,0.025,70
ILI incidence,2025-03-02,3,NO,quantile,0.05,70.15789473684211
ILI incidence,2025-03-02,3,NO,quantile,0.1,70.47368421052632
ILI incidence,2025-03-02,3,NO,quantile,0.15,70.78947368421052
ILI incidence,2025-03-02,3,NO,quantile,0.2,71.10526315789474
ILI incidence,2025-03-02,3,NO,quantile,0.25,71.42105263157895
ILI incidence,2025-03-02,3,NO,quantile,0.3,71.73684210526316
ILI incidence,2025-03-02,3,NO,quantile,0.35,72.05263157894737
ILI incidence,2025-03-02,3,NO,quantile,0.4,72.36842105263158
ILI incidence,2025-03-02,3,NO,quantile,0.45,72.6842105263158
ILI incidence,2025-03-02,3,NO,quantile,0.5,73
ILI incidence,2025-03-02,3,NO,quantile,0.55,73.42105263157895
ILI incidence,2025-03-02,3,NO,quantile,0.6,73.84210526315789
ILI incidence,2025-03-02,3,NO,quantile,0.65,74.26315789473685
ILI incidence,2025-03-02,3,NO,quantile,0.7,74.6842105263158
ILI incidence,2025-03-02,3,NO,quantile,0.75,75.10526315789474
ILI incidence,2025-03-02,3,NO,quantile,0.8,75.52631578947368
ILI incidence,2025-03-02,3,NO,quantile,0.85,75.94736842105263
ILI incidence,2025-03-02,3,NO,quantile,0.9,76.36842105263158
ILI incidence,2025-03-02,3,NO,quantile,0.95,76.78947368421052
ILI incidence,2025-03-02,3,NO,quantile,0.975,77
ILI incidence,2025-03-02,3,NO,quantile,0.99,77
ILI incidence,2025-03-09,4,NO,quantile,0.01,72
ILI incidence,2025-03-09,4,NO,quantile,0.025,72
ILI incidence,2025-03-09,4,NO,quantile,0.05,72.21052631578948
ILI incidence,2025-03-09,4,NO,quantile,0.1,72.63157894736842
ILI incidence,2025-03-09,4,NO,quantile,0.15,73.05263157894737
ILI incidence,2025-03-09,4,NO,quantile,0.2,73.47368421052632
ILI incidence,2025-03-09,4,NO,quantile,0.25,73.89473684210526
ILI incidence,2025-03-09,4,NO,quantile,0.3,74.3157894736842
ILI incidence,2025-03-09,4,NO,quantile,0.35,74.73684210526316
ILI incidence,2025-03-09,4,NO,quantile,0.4,75.15789473684211
ILI incidence,2025-03-09,4,NO,quantile,0.45,75.57894736842105
ILI incidence,2025-03-09,4,NO,quantile,0.5,76
ILI incidence,2025-03-09,4,NO,quantile,0.55,76.42105263157895
ILI incidence,2025-03-09,4,NO,quantile,0.6,76.84210526315789
ILI incidence,2025-03-09,4,NO,quantile,0.65,77.26315789473685
ILI incidence,2025-03-09,4,NO,quantile,0.7,77.6842105263158
ILI incidence,2025-03-09,4,NO,quantile,0.75,78.10526315789474
ILI incidence,2025-03-09,4,NO,quantile,0.8,78.52631578947368
ILI incidence,2025-03-09,4,NO,quantile,0.85,78.94736842105263
ILI incidence,2025-03-09,4,NO,quantile,0.9,79.36842105263158
ILI incidence,2025-03-09,4,NO,quantile,0.95,79.78947368421052
ILI incidence,2025-03-09,4,NO,quantile,0.975,80
ILI incidence,2025-03-09,4,NO,quantile,0.99,80
ILI incidence,2025-02-16,1,PL,quantile,0.01,538
ILI incidence,2025-02-16,1,PL,quantile,0.025,538
ILI incidence,2025-02-16,1,PL,quantile,0.05,538.9473684210526
ILI incidence,2025-02-16,1,PL,quantile,0.1,540.8421052631579
ILI incidence,2025-02-16,1,PL,quantile,0.15,542.7368421052631
ILI incidence,2025-02-16,1,PL,quantile,0.2,544.6315789473684
ILI incidence,2025-02-16,1,PL,quantile,0.25,546.5263157894736
ILI incidence,2025-02-16,1,PL,quantile,0.3,548.421052631579
ILI incidence,2025-02-16,1,PL,quantile,0.35,550.3157894736842
ILI incidence,2025-02-16,1,PL,quantile,0.4,552.2105263157895
ILI incidence,2025-02-16,1,PL,quantile,0.45,554.1052631578948
ILI incidence,2025-02-16,1,PL,quantile,0.5,556
ILI incidence,2025-02-16,1,PL,quantile,0.55,558
ILI incidence,2025-02-16,1,PL,quantile,0.6,560
ILI incidence,2025-02-16,1,PL,quantile,0.65,562
ILI incidence,2025-02-16,1,PL,quantile,0.7,564
ILI incidence,2025-02-16,1,PL,quantile,0.75,566
ILI incidence,2025-02-16,1,PL,quantile,0.8,568
ILI incidence,2025-02-16,1,PL,quantile,0.85,570
ILI incidence,2025-02-16,1,PL,quantile,0.9,572
ILI incidence,2025-02-16,1,PL,quantile,0.95,574
ILI incidence,2025-02-16,1,PL,quantile,0.975,575
ILI incidence,2025-02-16,1,PL,quantile,0.99,575
ILI incidence,2025-02-23,2,PL,quantile,0.01,513
ILI incidence,2025-02-23,2,PL,quantile,0.025,513
ILI incidence,2025-02-23,2,PL,quantile,0.05,513.9473684210526
ILI incidence,2025-02-23,2,PL,quantile,0.1,515.8421052631579
ILI incidence,2025-02-23,2,PL,quantile,0.15,517.7368421052631
ILI incidence,2025-02-23,2,PL,quantile,0.2,519.6315789473684
ILI incidence,2025-02-23,2,PL,quantile,0.25,521.5263157894736
ILI incidence,2025-02-23,2,PL,quantile,0.3,523.421052631579
ILI incidence,2025-02-23,2,PL,quantile,0.35,525.3157894736842
ILI incidence,2025-02-23,2,PL,quantile,0.4,527.2105263157895
ILI incidence,2025-02-23,2,PL,quantile,0.45,529.1052631578948
ILI incidence,2025-02-23,2,PL,quantile,0.5,531
ILI incidence,2025-02-23,2,PL,quantile,0.55,532.8947368421053
ILI incidence,2025-02-23,2,PL,quantile,0.6,534.7894736842105
ILI incidence,2025-02-23,2,PL,quantile,0.65,536.6842105263158
ILI incidence,2025-02-23,2,PL,quantile,0.7,538.578947368421
ILI incidence,2025-02-23,2,PL,quantile,0.75,540.4736842105264
ILI incidence,2025-02-23,2,PL,quantile,0.8,542.3684210526316
ILI incidence,2025-02-23,2,PL,quantile,0.85,544.2631578947369
ILI incidence,2025-02-23,2,PL,quantile,0.9,546.1578947368421
ILI incidence,2025-02-23,2,PL,quantile,0.95,548.0526315789474
ILI incidence,2025-02-23,2,PL,quantile,0.975,549
ILI incidence,2025-02-23,2,PL,quantile,0.99,549
ILI incidence,2025-03-02,3,PL,quantile,0.01,491
ILI incidence,2025-03-02,3,PL,quantile,0.025,491
ILI incidence,2025-03-02,3,PL,quantile,0.05,491.89473684210526
ILI incidence,2025-03-02,3,PL,quantile,0.1,493.6842105263158
ILI incidence,2025-03-02,3,PL,quantile,0.15,495.4736842105263
ILI incidence,2025-03-02,3,PL,quantile,0.2,497.2631578947368
ILI incidence,2025-03-02,3,PL,quantile,0.25,499.05263157894734
ILI incidence,2025-03-02,3,PL,quantile,0.3,500.8421052631579
ILI incidence,2025-03-02,3,PL,quantile,0.35,502.63157894736844
ILI incidence,2025-03-02,3,PL,quantile,0.4,504.42105263157896
ILI incidence,2025-03-02,3,PL,quantile,0.45,506.2105263157895
ILI incidence,2025-03-02,3,PL,quantile,0.5,508
ILI incidence,2025-03-02,3,PL,quantile,0.55,509.7894736842105
ILI incidence,2025-03-02,3,PL,quantile,0.6,511.57894736842104
ILI incidence,2025-03-02,3,PL,quantile,0.65,513.3684210526316
ILI incidence,2025-03-02,3,PL,quantile,0.7,515.1578947368421
ILI incidence,2025-03-02,3,PL,quantile,0.75,516.9473684210526
ILI incidence,2025-03-02,3,PL,quantile,0.8,518.7368421052631
ILI incidence,2025-03-02,3,PL,quantile,0.85,520.5263157894736
ILI incidence,2025-03-02,3,PL,quantile,0.9,522.3157894736842
ILI incidence,2025-03-02,3,PL,quantile,0.95,524.1052631578947
ILI incidence,2025-03-02,3,PL,quantile,0.975,525
ILI incidence,2025-03-02,3,PL,quantile,0.99,525
ILI incidence,2025-03-09,4,PL,quantile,0.01,471
ILI incidence,2025-03-09,4,PL,quantile,0.025,471
ILI incidence,2025-03-09,4,PL,quantile,0.05,471.94736842105266
ILI incidence,2025-03-09,4,PL,quantile,0.1,473.8421052631579
ILI incidence,2025-03-09,4,PL,quantile,0.15,475.7368421052632
ILI incidence,2025-03-09,4,PL,quantile,0.2,477.63157894736844
ILI incidence,2025-03-09,4,PL,quantile,0.25,479.5263157894737
ILI incidence,2025-03-09,4,PL,quantile,0.3,481.42105263157896
ILI incidence,2025-03-09,4,PL,quantile,0.35,483.3157894736842
ILI incidence,2025-03-09,4,PL,quantile,0.4,485.2105263157895
ILI incidence,2025-03-09,4,PL,quantile,0.45,487.10526315789474
ILI incidence,2025-03-09,4,PL,quantile,0.5,489
ILI incidence,2025-03-09,4,PL,quantile,0.55,491
ILI incidence,2025-03-09,4,PL,quantile,0.6,493
ILI incidence,2025-03-09,4,PL,quantile,0.65,495
ILI incidence,2025-03-09,4,PL,quantile,0.7,497
ILI incidence,2025-03-09,4,PL,quantile,0.75,499
ILI incidence,2025-03-09,4,PL,quantile,0.8,501
ILI incidence,2025-03-09,4,PL,quantile,0.85,503
ILI incidence,2025-03-09,4,PL,quantile,0.9,505
ILI incidence,2025-03-09,4,PL,quantile,0.95,507
ILI incidence,2025-03-09,4,PL,quantile,0.975,508
ILI incidence,2025-03-09,4,PL,quantile,0.99,508
ILI incidence,2025-02-16,1,RO,quantile,0.01,28
ILI incidence,2025-02-16,1,RO,quantile,0.025,28
ILI incidence,2025-02-16,1,RO,quantile,0.05,28.157894736842106
ILI incidence,2025-02-16,1,RO,quantile,0.1,28.473684210526315
ILI incidence,2025-02-16,1,RO,quantile,0.15,28.789473684210527
ILI incidence,2025-02-16,1,RO,quantile,0.2,29.105263157894736
ILI incidence,2025-02-16,1,RO,quantile,0.25,29.42105263157895
ILI incidence,2025-02-16,1,RO,quantile,0.3,29.736842105263158
ILI incidence,2025-02-16,1,RO,quantile,0.35,30.05263157894737
ILI incidence,2025-02-16,1,RO,quantile,0.4,30.36842105263158
ILI incidence,2025-02-16,1,RO,quantile,0.45,30.684210526315788
ILI incidence,2025-02-16,1,RO,quantile,0.5,31
ILI incidence,2025-02-16,1,RO,quantile,0.55,31.210526315789473
ILI incidence,2025-02-16,1,RO,quantile,0.6,31.42105263157895
ILI incidence,2025-02-16,1,RO,quantile,0.65,31.63157894736842
ILI incidence,2025-02-16,1,RO,quantile,0.7,31.842105263157894
ILI incidence,2025-02-16,1,RO,quantile,0.75,32.05263157894737
ILI incidence,2025-02-16,1,RO,quantile,0.8,32.26315789473684
ILI incidence,2025-02-16,1,RO,quantile,0.85,32.473684210526315
ILI incidence,2025-02-16,1,RO,quantile,0.9,32.68421052631579
ILI incidence,2025-02-16,1,RO,quantile,0.95,32.89473684210526
ILI incidence,2025-02-16,1,RO,quantile,0.975,33
ILI incidence,2025-02-16,1,RO,quantile,0.99,33
ILI incidence,2025-02-23,2,RO,quantile,0.01,18
ILI incidence,2025-02-23,2,RO,quantile,0.025,18
ILI incidence,2025-02-23,2,RO,quantile,0.05,18.105263157894736
ILI incidence,2025-02-23,2,RO,quantile,0.1,18.31578947368421
ILI incidence,2025-02-23,2,RO,quantile,0.15,18.526315789473685
ILI incidence,2025-02-23,2,RO,quantile,0.2,18.736842105263158
ILI incidence,2025-02-23,2,RO,quantile,0.25,18.94736842105263
ILI incidence,2025-02-23,2,RO,quantile,0.3,19.157894736842106
ILI incidence,2025-02-23,2,RO,quantile,0.35,19.36842105263158
ILI incidence,2025-02-23,2,RO,quantile,0.4,19.57894736842105
ILI incidence,2025-02-23,2,RO,quantile,0.45,19.789473684210527
ILI incidence,2025-02-23,2,RO,quantile,0.5,20
ILI incidence,2025-02-23,2,RO,quantile,0.55,20.210526315789473
ILI incidence,2025-02-23,2,RO,quantile,0.6,20.42105263157895
ILI incidence,2025-02-23,2,RO,quantile,0.65,20.63157894736842
ILI incidence,2025-02-23,2,RO,quantile,0.7,20.842105263157894
ILI incidence,2025-02-23,2,RO,quantile,0.75,21.05263157894737
ILI incidence,2025-02-23,2,RO,quantile,0.8,21.263157894736842
ILI incidence,2025-02-23,2,RO,quantile,0.85,21.473684210526315
ILI incidence,2025-02-23,2,RO,quantile,0.9,21.68421052631579
ILI incidence,2025-02-23,2,RO,quantile,0.95,21.894736842105264
ILI incidence,2025-02-23,2,RO,quantile,0.975,22
ILI incidence,2025-02-23,2,RO,quantile,0.99,22
ILI incidence,2025-03-02,3,RO,quantile,0.01,12
ILI incidence,2025-03-02,3,RO,quantile,0.025,12
ILI incidence,2025-03-02,3,RO,quantile,0.05,12.052631578947368
ILI incidence,2025-03-02,3,RO,quantile,0.1,12.157894736842104
ILI incidence,2025-03-02,3,RO,quantile,0.15,12.263157894736842
ILI incidence,2025-03-02,3,RO,quantile,0.2,12.368421052631579
ILI incidence,2025-03-02,3,RO,quantile,0.25,12.473684210526315
ILI incidence,2025-03-02,3,RO,quantile,0.3,12.578947368421053
ILI incidence,2025-03-02,3,RO,quantile,0.35,12.68421052631579
ILI incidence,2025-03-02,3,RO,quantile,0.4,12.789473684210526
ILI incidence,2025-03-02,3,RO,quantile,0.45,12.894736842105264
ILI incidence,2025-03-02,3,RO,quantile,0.5,13
ILI incidence,2025-03-02,3,RO,quantile,0.55,13.105263157894736
ILI incidence,2025-03-02,3,RO,quantile,0.6,13.210526315789474
ILI incidence,2025-03-02,3,RO,quantile,0.65,13.31578947368421
ILI incidence,2025-03-02,3,RO,quantile,0.7,13.421052631578947
ILI incidence,2025-03-02,3,RO,quantile,0.75,13.526315789473685
ILI incidence,2025-03-02,3,RO,quantile,0.8,13.631578947368421
ILI incidence,2025-03-02,3,RO,quantile,0.85,13.736842105263158
ILI incidence,2025-03-02,3,RO,quantile,0.9,13.842105263157896
ILI incidence,2025-03-02,3,RO,quantile,0.95,13.947368421052632
ILI incidence,2025-03-02,3,RO,quantile,0.975,14
ILI incidence,2025-03-02,3,RO,quantile,0.99,14
ILI incidence,2025-03-09,4,RO,quantile,0.01,9
ILI incidence,2025-03-09,4,RO,quantile,0.025,9
ILI incidence,2025-03-09,4,RO,quantile,0.05,9.052631578947368
ILI incidence,2025-03-09,4,RO,quantile,0.1,9.157894736842104
ILI incidence,2025-03-09,4,RO,quantile,0.15,9.263157894736842
ILI incidence,2025-03-09,4,RO,quantile,0.2,9.368421052631579
ILI incidence,2025-03-09,4,RO,quantile,0.25,9.473684210526315
ILI incidence,2025-03-09,4,RO,quantile,0.3,9.578947368421053
ILI incidence,2025-03-09,4,RO,quantile,0.35,9.68421052631579
ILI incidence,2025-03-09,4,RO,quantile,0.4,9.789473684210526
ILI incidence,2025-03-09,4,RO,quantile,0.45,9.894736842105264
ILI incidence,2025-03-09,4,RO,quantile,0.5,10
ILI incidence,2025-03-09,4,RO,quantile,0.55,10.105263157894736
ILI incidence,2025-03-09,4,RO,quantile,0.6,10.210526315789474
ILI incidence,2025-03-09,4,RO,quantile,0.65,10.31578947368421
ILI incidence,2025-03-09,4,RO,quantile,0.7,10.421052631578947
ILI incidence,2025-03-09,4,RO,quantile,0.75,10.526315789473685
ILI incidence,2025-03-09,4,RO,quantile,0.8,10.631578947368421
ILI incidence,2025-03-09,4,RO,quantile,0.85,10.736842105263158
ILI incidence,2025-03-09,4,RO,quantile,0.9,10.842105263157896
ILI incidence,2025-03-09,4,RO,quantile,0.95,10.947368421052632
ILI incidence,2025-03-09,4,RO,quantile,0.975,11
ILI incidence,2025-03-09,4,RO,quantile,0.99,11
